"date","adm0_name","adm1_name","adm2_name","school_closure","travel_ban_local_opt","no_gathering","work_from_home","testing_regime","home_isolation","religious_closure","new_confirmed_cases","cum_confirmed_cases","new_confirmed_cases_imputed","cum_confirmed_cases_imputed"
2020-02-19,"IRN",1,"Qom",0,0,0,0,0,0,0,2,2,2,2
2020-02-20,"IRN",1,"Qom",1,1,0,0,0,0,0,2,4,2,4
2020-02-21,"IRN",1,"Qom",1,1,0,0,0,0,0,7,11,7,11
2020-02-22,"IRN",1,"Qom",1,1,1,0,0,0,0,8,19,8,19
2020-02-23,"IRN",1,"Qom",1,1,1,0,0,0,0,7,26,7,26
2020-02-24,"IRN",1,"Qom",1,1,1,0,0,0,0,8,34,8,34
2020-02-25,"IRN",1,"Qom",1,1,1,0,0,0,0,16,50,16,50
2020-02-26,"IRN",1,"Qom",1,1,1,0,0,0,0,15,65,15,65
2020-02-27,"IRN",1,"Qom",1,1,1,0,0,0,0,7,72,7,72
2020-02-28,"IRN",1,"Qom",1,1,1,0,0,0,0,16,88,16,88
2020-02-29,"IRN",1,"Qom",1,1,1,0,0,0,0,21,109,21,109
2020-03-01,"IRN",1,"Qom",1,1,1,0,0,0,0,30,139,30,139
2020-03-02,"IRN",1,"Qom",1,1,1,0,0,0,0,NA,NA,41,180
2020-03-03,"IRN",1,"Qom",1,1,1,1,0,0,0,NA,NA,65,245
2020-03-04,"IRN",1,"Qom",1,1,1,1,0,0,0,101,240,101,346
2020-03-05,"IRN",1,"Qom",1,1,1,1,0,0,0,32,272,32,378
2020-03-06,"IRN",1,"Qom",1,1,1,1,1,0,0,137,409,137,515
2020-03-07,"IRN",1,"Qom",1,1,1,1,1,0,0,145,554,145,660
2020-03-08,"IRN",1,"Qom",1,1,1,1,1,0,0,17,571,17,677
2020-03-09,"IRN",1,"Qom",1,1,1,1,1,0,0,27,598,27,704
2020-03-10,"IRN",1,"Qom",1,1,1,1,1,0,0,39,637,39,743
2020-03-11,"IRN",1,"Qom",1,1,1,1,1,0,0,53,690,53,796
2020-03-12,"IRN",1,"Qom",1,1,1,1,1,0,0,42,732,42,838
2020-03-13,"IRN",1,"Qom",1,1,1,1,1,1,0,42,774,42,880
2020-03-14,"IRN",1,"Qom",1,1,1,1,1,1,0,32,806,32,912
2020-03-15,"IRN",1,"Qom",1,1,1,1,1,1,0,84,890,84,996
2020-03-16,"IRN",1,"Qom",1,1,1,1,1,1,0,19,909,19,1015
2020-03-17,"IRN",1,"Qom",1,1,1,1,1,1,1,29,938,29,1044
2020-03-18,"IRN",1,"Qom",1,1,1,1,1,1,1,22,960,22,1066
2020-03-19,"IRN",1,"Qom",1,1,1,1,1,1,1,31,991,31,1097
2020-03-20,"IRN",1,"Qom",1,1,1,1,1,1,1,36,1027,36,1133
2020-03-21,"IRN",1,"Qom",1,1,1,1,1,1,1,20,1047,20,1153
2020-03-22,"IRN",1,"Qom",1,1,1,1,1,1,1,17,1064,17,1170
2020-02-19,"IRN",1,"Tehran",0,0,0,0,0,0,0,0,0,0,0
2020-02-20,"IRN",1,"Tehran",0,0,0,0,0,0,0,0,0,0,0
2020-02-21,"IRN",1,"Tehran",0,0,0,0,0,0,0,4,4,4,4
2020-02-22,"IRN",1,"Tehran",0,0,1,0,0,0,0,2,6,2,6
2020-02-23,"IRN",1,"Tehran",0,0,1,0,0,0,0,4,10,4,10
2020-02-24,"IRN",1,"Tehran",0,0,1,0,0,0,0,3,13,3,13
2020-02-25,"IRN",1,"Tehran",0,0,1,0,0,0,0,8,21,8,21
2020-02-26,"IRN",1,"Tehran",0,0,1,0,0,0,0,4,25,4,25
2020-02-27,"IRN",1,"Tehran",0,0,1,0,0,0,0,38,63,38,63
2020-02-28,"IRN",1,"Tehran",0,0,1,0,0,0,0,64,127,64,127
2020-02-29,"IRN",1,"Tehran",0,0,1,0,0,0,0,52,179,52,179
2020-03-01,"IRN",1,"Tehran",0,1,1,0,0,0,0,170,349,170,349
2020-03-02,"IRN",1,"Tehran",0,1,1,0,0,0,0,NA,NA,230,579
2020-03-03,"IRN",1,"Tehran",0,1,1,1,0,0,0,NA,NA,368,947
2020-03-04,"IRN",1,"Tehran",0,1,1,1,0,0,0,253,602,253,1200
2020-03-05,"IRN",1,"Tehran",1,1,1,1,0,0,0,56,658,56,1256
2020-03-06,"IRN",1,"Tehran",1,1,1,1,0,0,0,61,719,61,1317
2020-03-07,"IRN",1,"Tehran",1,1,1,1,0,0,0,126,845,126,1443
2020-03-08,"IRN",1,"Tehran",1,1,1,1,0,0,0,266,1111,266,1709
2020-03-09,"IRN",1,"Tehran",1,1,1,1,0,0,0,140,1251,140,1849
2020-03-10,"IRN",1,"Tehran",1,1,1,1,0,0,0,169,1420,169,2018
2020-03-11,"IRN",1,"Tehran",1,1,1,1,0,0,0,256,1676,256,2274
2020-03-12,"IRN",1,"Tehran",1,1,1,1,0,0,0,303,1979,303,2577
2020-03-13,"IRN",1,"Tehran",1,1,1,1,1,1,0,303,2282,303,2880
2020-03-14,"IRN",1,"Tehran",1,1,1,1,1,1,0,347,2629,347,3227
2020-03-15,"IRN",1,"Tehran",1,1,1,1,1,1,0,251,2880,251,3478
2020-03-16,"IRN",1,"Tehran",1,1,1,1,1,1,0,200,3080,200,3678
2020-03-17,"IRN",1,"Tehran",1,1,1,1,1,1,0,273,3353,273,3951
2020-03-18,"IRN",1,"Tehran",1,1,1,1,1,1,0,213,3566,213,4164
2020-03-19,"IRN",1,"Tehran",1,1,1,1,1,1,0,137,3703,137,4301
2020-03-20,"IRN",1,"Tehran",1,1,1,1,1,1,0,220,3923,220,4521
2020-03-21,"IRN",1,"Tehran",1,1,1,1,1,1,0,232,4155,232,4753
2020-03-22,"IRN",1,"Tehran",1,1,1,1,1,1,0,249,4404,249,5002
2020-02-19,"IRN",1,"Mazandaran",0,0,0,0,0,0,0,0,0,0,0
2020-02-20,"IRN",1,"Mazandaran",0,0,0,0,0,0,0,0,0,0,0
2020-02-21,"IRN",1,"Mazandaran",0,0,0,0,0,0,0,0,0,0,0
2020-02-22,"IRN",1,"Mazandaran",0,0,1,0,0,0,0,0,0,0,0
2020-02-23,"IRN",1,"Mazandaran",0,0,1,0,0,0,0,1,1,1,1
2020-02-24,"IRN",1,"Mazandaran",0,0,1,0,0,0,0,0,1,0,1
2020-02-25,"IRN",1,"Mazandaran",0,0,1,0,0,0,0,2,3,2,3
2020-02-26,"IRN",1,"Mazandaran",0,0,1,0,0,0,0,1,4,1,4
2020-02-27,"IRN",1,"Mazandaran",0,0,1,0,0,0,0,7,11,7,11
2020-02-28,"IRN",1,"Mazandaran",0,0,1,0,0,0,0,9,20,9,20
2020-02-29,"IRN",1,"Mazandaran",0,0,1,0,0,0,0,12,32,12,32
2020-03-01,"IRN",1,"Mazandaran",0,1,1,0,0,0,0,11,43,11,43
2020-03-02,"IRN",1,"Mazandaran",0,1,1,0,0,0,0,NA,NA,15,58
2020-03-03,"IRN",1,"Mazandaran",0,1,1,1,0,0,0,NA,NA,24,82
2020-03-04,"IRN",1,"Mazandaran",0,1,1,1,0,0,0,9,52,9,91
2020-03-05,"IRN",1,"Mazandaran",1,1,1,1,0,0,0,50,102,50,141
2020-03-06,"IRN",1,"Mazandaran",1,1,1,1,0,0,0,180,282,180,321
2020-03-07,"IRN",1,"Mazandaran",1,1,1,1,0,0,0,305,587,305,626
2020-03-08,"IRN",1,"Mazandaran",1,1,1,1,0,0,0,14,601,14,640
2020-03-09,"IRN",1,"Mazandaran",1,1,1,1,0,0,0,13,614,13,653
2020-03-10,"IRN",1,"Mazandaran",1,1,1,1,0,0,0,253,867,253,906
2020-03-11,"IRN",1,"Mazandaran",1,1,1,1,0,0,0,32,899,32,938
2020-03-12,"IRN",1,"Mazandaran",1,1,1,1,0,0,0,79,978,79,1017
2020-03-13,"IRN",1,"Mazandaran",1,1,1,1,1,1,0,192,1170,192,1209
2020-03-14,"IRN",1,"Mazandaran",1,1,1,1,1,1,0,17,1187,17,1226
2020-03-15,"IRN",1,"Mazandaran",1,1,1,1,1,1,0,72,1259,72,1298
2020-03-16,"IRN",1,"Mazandaran",1,1,1,1,1,1,0,96,1355,96,1394
2020-03-17,"IRN",1,"Mazandaran",1,1,1,1,1,1,0,59,1414,59,1453
2020-03-18,"IRN",1,"Mazandaran",1,1,1,1,1,1,0,61,1475,61,1514
2020-03-19,"IRN",1,"Mazandaran",1,1,1,1,1,1,0,58,1533,58,1572
2020-03-20,"IRN",1,"Mazandaran",1,1,1,1,1,1,0,84,1617,84,1656
2020-03-21,"IRN",1,"Mazandaran",1,1,1,1,1,1,0,28,1645,28,1684
2020-03-22,"IRN",1,"Mazandaran",1,1,1,1,1,1,0,36,1681,36,1720
2020-02-19,"IRN",1,"Alburz",0,0,0,0,0,0,0,0,0,0,0
2020-02-20,"IRN",1,"Alburz",0,0,0,0,0,0,0,0,0,0,0
2020-02-21,"IRN",1,"Alburz",0,0,0,0,0,0,0,0,0,0,0
2020-02-22,"IRN",1,"Alburz",0,0,1,0,0,0,0,0,0,0,0
2020-02-23,"IRN",1,"Alburz",0,0,1,0,0,0,0,0,0,0,0
2020-02-24,"IRN",1,"Alburz",0,0,1,0,0,0,0,0,0,0,0
2020-02-25,"IRN",1,"Alburz",0,0,1,0,0,0,0,2,2,2,2
2020-02-26,"IRN",1,"Alburz",0,0,1,0,0,0,0,0,2,0,2
2020-02-27,"IRN",1,"Alburz",0,0,1,0,0,0,0,3,5,3,5
2020-02-28,"IRN",1,"Alburz",0,0,1,0,0,0,0,3,8,3,8
2020-02-29,"IRN",1,"Alburz",0,0,1,0,0,0,0,8,16,8,16
2020-03-01,"IRN",1,"Alburz",0,1,1,0,0,0,0,31,47,31,47
2020-03-02,"IRN",1,"Alburz",0,1,1,0,0,0,0,NA,NA,42,89
2020-03-03,"IRN",1,"Alburz",0,1,1,1,0,0,0,NA,NA,67,156
2020-03-04,"IRN",1,"Alburz",0,1,1,1,0,0,0,19,66,19,175
2020-03-05,"IRN",1,"Alburz",1,1,1,1,0,0,0,61,127,61,236
2020-03-06,"IRN",1,"Alburz",1,1,1,1,0,0,0,129,256,129,365
2020-03-07,"IRN",1,"Alburz",1,1,1,1,0,0,0,3,259,3,368
2020-03-08,"IRN",1,"Alburz",1,1,1,1,0,0,0,2,261,2,370
2020-03-09,"IRN",1,"Alburz",1,1,1,1,0,0,0,0,261,0,370
2020-03-10,"IRN",1,"Alburz",1,1,1,1,0,0,0,32,293,32,402
2020-03-11,"IRN",1,"Alburz",1,1,1,1,0,0,0,45,338,45,447
2020-03-12,"IRN",1,"Alburz",1,1,1,1,0,0,0,74,412,74,521
2020-03-13,"IRN",1,"Alburz",1,1,1,1,1,1,0,6,418,6,527
2020-03-14,"IRN",1,"Alburz",1,1,1,1,1,1,0,134,552,134,661
2020-03-15,"IRN",1,"Alburz",1,1,1,1,1,1,0,67,619,67,728
2020-03-16,"IRN",1,"Alburz",1,1,1,1,1,1,0,49,668,49,777
2020-03-17,"IRN",1,"Alburz",1,1,1,1,1,1,0,116,784,116,893
2020-03-18,"IRN",1,"Alburz",1,1,1,1,1,1,0,76,860,76,969
2020-03-19,"IRN",1,"Alburz",1,1,1,1,1,1,0,61,921,61,1030
2020-03-20,"IRN",1,"Alburz",1,1,1,1,1,1,0,95,1016,95,1125
2020-03-21,"IRN",1,"Alburz",1,1,1,1,1,1,0,55,1071,55,1180
2020-03-22,"IRN",1,"Alburz",1,1,1,1,1,1,0,60,1131,60,1240
2020-02-19,"IRN",1,"Semnan",0,0,0,0,0,0,0,0,0,0,0
2020-02-20,"IRN",1,"Semnan",0,0,0,0,0,0,0,0,0,0,0
2020-02-21,"IRN",1,"Semnan",0,0,0,0,0,0,0,0,0,0,0
2020-02-22,"IRN",1,"Semnan",0,0,1,0,0,0,0,0,0,0,0
2020-02-23,"IRN",1,"Semnan",0,0,1,0,0,0,0,0,0,0,0
2020-02-24,"IRN",1,"Semnan",0,0,1,0,0,0,0,0,0,0,0
2020-02-25,"IRN",1,"Semnan",0,0,1,0,0,0,0,0,0,0,0
2020-02-26,"IRN",1,"Semnan",0,0,1,0,0,0,0,1,1,1,1
2020-02-27,"IRN",1,"Semnan",0,0,1,0,0,0,0,3,4,3,4
2020-02-28,"IRN",1,"Semnan",0,0,1,0,0,0,0,2,6,2,6
2020-02-29,"IRN",1,"Semnan",0,0,1,0,0,0,0,4,10,4,10
2020-03-01,"IRN",1,"Semnan",0,1,1,0,0,0,0,3,13,3,13
2020-03-02,"IRN",1,"Semnan",0,1,1,0,0,0,0,NA,NA,4,17
2020-03-03,"IRN",1,"Semnan",0,1,1,1,0,0,0,NA,NA,6,23
2020-03-04,"IRN",1,"Semnan",0,1,1,1,0,0,0,8,21,8,31
2020-03-05,"IRN",1,"Semnan",1,1,1,1,0,0,0,22,43,22,53
2020-03-06,"IRN",1,"Semnan",1,1,1,1,0,0,0,54,97,54,107
2020-03-07,"IRN",1,"Semnan",1,1,1,1,0,0,0,24,121,24,131
2020-03-08,"IRN",1,"Semnan",1,1,1,1,0,0,0,37,158,37,168
2020-03-09,"IRN",1,"Semnan",1,1,1,1,0,0,0,45,203,45,213
2020-03-10,"IRN",1,"Semnan",1,1,1,1,0,0,0,1,204,1,214
2020-03-11,"IRN",1,"Semnan",1,1,1,1,0,0,0,63,267,63,277
2020-03-12,"IRN",1,"Semnan",1,1,1,1,0,0,0,40,307,40,317
2020-03-13,"IRN",1,"Semnan",1,1,1,1,1,1,0,38,345,38,355
2020-03-14,"IRN",1,"Semnan",1,1,1,1,1,1,0,47,392,47,402
2020-03-15,"IRN",1,"Semnan",1,1,1,1,1,1,0,41,433,41,443
2020-03-16,"IRN",1,"Semnan",1,1,1,1,1,1,0,34,467,34,477
2020-03-17,"IRN",1,"Semnan",1,1,1,1,1,1,0,33,500,33,510
2020-03-18,"IRN",1,"Semnan",1,1,1,1,1,1,0,60,560,60,570
2020-03-19,"IRN",1,"Semnan",1,1,1,1,1,1,0,16,576,16,586
2020-03-20,"IRN",1,"Semnan",1,1,1,1,1,1,0,52,628,52,638
2020-03-21,"IRN",1,"Semnan",1,1,1,1,1,1,0,0,628,0,638
2020-03-22,"IRN",1,"Semnan",1,1,1,1,1,1,0,0,628,0,638
2020-02-19,"IRN",1,"Golestan",0,0,0,0,0,0,0,0,0,0,0
2020-02-20,"IRN",1,"Golestan",0,0,0,0,0,0,0,0,0,0,0
2020-02-21,"IRN",1,"Golestan",0,0,0,0,0,0,0,0,0,0,0
2020-02-22,"IRN",1,"Golestan",0,0,1,0,0,0,0,0,0,0,0
2020-02-23,"IRN",1,"Golestan",0,0,1,0,0,0,0,0,0,0,0
2020-02-24,"IRN",1,"Golestan",0,0,1,0,0,0,0,0,0,0,0
2020-02-25,"IRN",1,"Golestan",0,0,1,0,0,0,0,0,0,0,0
2020-02-26,"IRN",1,"Golestan",0,0,1,0,0,0,0,0,0,0,0
2020-02-27,"IRN",1,"Golestan",0,0,1,0,0,0,0,0,0,0,0
2020-02-28,"IRN",1,"Golestan",0,0,1,0,0,0,0,2,2,2,2
2020-02-29,"IRN",1,"Golestan",0,0,1,0,0,0,0,22,24,22,24
2020-03-01,"IRN",1,"Golestan",0,1,1,0,0,0,0,0,24,0,24
2020-03-02,"IRN",1,"Golestan",0,1,1,0,0,0,0,NA,NA,0,24
2020-03-03,"IRN",1,"Golestan",0,1,1,1,0,0,0,NA,NA,0,24
2020-03-04,"IRN",1,"Golestan",0,1,1,1,0,0,0,9,33,9,33
2020-03-05,"IRN",1,"Golestan",1,1,1,1,0,0,0,4,37,4,37
2020-03-06,"IRN",1,"Golestan",1,1,1,1,0,0,0,67,104,67,104
2020-03-07,"IRN",1,"Golestan",1,1,1,1,0,0,0,58,162,58,162
2020-03-08,"IRN",1,"Golestan",1,1,1,1,0,0,0,13,175,13,175
2020-03-09,"IRN",1,"Golestan",1,1,1,1,0,0,0,0,175,0,175
2020-03-10,"IRN",1,"Golestan",1,1,1,1,0,0,0,4,179,4,179
2020-03-11,"IRN",1,"Golestan",1,1,1,1,0,0,0,9,188,9,188
2020-03-12,"IRN",1,"Golestan",1,1,1,1,0,0,0,25,213,25,213
2020-03-13,"IRN",1,"Golestan",1,1,1,1,1,1,0,21,234,21,234
2020-03-14,"IRN",1,"Golestan",1,1,1,1,1,1,0,0,234,0,234
2020-03-15,"IRN",1,"Golestan",1,1,1,1,1,1,0,25,259,25,259
2020-03-16,"IRN",1,"Golestan",1,1,1,1,1,1,0,42,301,42,301
2020-03-17,"IRN",1,"Golestan",1,1,1,1,1,1,0,30,331,30,331
2020-03-18,"IRN",1,"Golestan",1,1,1,1,1,1,0,20,351,20,351
2020-03-19,"IRN",1,"Golestan",1,1,1,1,1,1,0,9,360,9,360
2020-03-20,"IRN",1,"Golestan",1,1,1,1,1,1,0,15,375,15,375
2020-03-21,"IRN",1,"Golestan",1,1,1,1,1,1,0,6,381,6,381
2020-03-22,"IRN",1,"Golestan",1,1,1,1,1,1,0,10,391,10,391
2020-02-19,"IRN",1,"Qazvin",0,0,0,0,0,0,0,0,0,0,0
2020-02-20,"IRN",1,"Qazvin",0,0,0,0,0,0,0,0,0,0,0
2020-02-21,"IRN",1,"Qazvin",0,0,0,0,0,0,0,0,0,0,0
2020-02-22,"IRN",1,"Qazvin",0,0,1,0,0,0,0,0,0,0,0
2020-02-23,"IRN",1,"Qazvin",0,0,1,0,0,0,0,0,0,0,0
2020-02-24,"IRN",1,"Qazvin",0,0,1,0,0,0,0,0,0,0,0
2020-02-25,"IRN",1,"Qazvin",0,0,1,0,0,0,0,0,0,0,0
2020-02-26,"IRN",1,"Qazvin",0,0,1,0,0,0,0,0,0,0,0
2020-02-27,"IRN",1,"Qazvin",0,0,1,0,0,0,0,0,0,0,0
2020-02-28,"IRN",1,"Qazvin",0,0,1,0,0,0,0,2,2,2,2
2020-02-29,"IRN",1,"Qazvin",0,0,1,0,0,0,0,6,8,6,8
2020-03-01,"IRN",1,"Qazvin",0,1,1,0,0,0,0,0,8,0,8
2020-03-02,"IRN",1,"Qazvin",0,1,1,0,0,0,0,NA,NA,0,8
2020-03-03,"IRN",1,"Qazvin",0,1,1,1,0,0,0,NA,NA,0,8
2020-03-04,"IRN",1,"Qazvin",0,1,1,1,0,0,0,25,33,25,33
2020-03-05,"IRN",1,"Qazvin",1,1,1,1,0,0,0,31,64,31,64
2020-03-06,"IRN",1,"Qazvin",1,1,1,1,0,0,0,65,129,65,129
2020-03-07,"IRN",1,"Qazvin",1,1,1,1,0,0,0,2,131,2,131
2020-03-08,"IRN",1,"Qazvin",1,1,1,1,0,0,0,29,160,29,160
2020-03-09,"IRN",1,"Qazvin",1,1,1,1,0,0,0,40,200,40,200
2020-03-10,"IRN",1,"Qazvin",1,1,1,1,0,0,0,10,210,10,210
2020-03-11,"IRN",1,"Qazvin",1,1,1,1,0,0,0,27,237,27,237
2020-03-12,"IRN",1,"Qazvin",1,1,1,1,0,0,0,42,279,42,279
2020-03-13,"IRN",1,"Qazvin",1,1,1,1,1,1,0,12,291,12,291
2020-03-14,"IRN",1,"Qazvin",1,1,1,1,1,1,0,47,338,47,338
2020-03-15,"IRN",1,"Qazvin",1,1,1,1,1,1,0,22,360,22,360
2020-03-16,"IRN",1,"Qazvin",1,1,1,1,1,1,0,40,400,40,400
2020-03-17,"IRN",1,"Qazvin",1,1,1,1,1,1,0,26,426,26,426
2020-03-18,"IRN",1,"Qazvin",1,1,1,1,1,1,0,53,479,53,479
2020-03-19,"IRN",1,"Qazvin",1,1,1,1,1,1,0,47,526,47,526
2020-03-20,"IRN",1,"Qazvin",1,1,1,1,1,1,0,8,534,8,534
2020-03-21,"IRN",1,"Qazvin",1,1,1,1,1,1,0,59,593,59,593
2020-03-22,"IRN",1,"Qazvin",1,1,1,1,1,1,0,29,622,29,622
2020-02-19,"IRN",2,"Esfahan",0,0,0,0,0,0,0,0,0,0,0
2020-02-20,"IRN",2,"Esfahan",0,0,0,0,0,0,0,0,0,0,0
2020-02-21,"IRN",2,"Esfahan",0,0,0,0,0,0,0,0,0,0,0
2020-02-22,"IRN",2,"Esfahan",0,0,1,0,0,0,0,0,0,0,0
2020-02-23,"IRN",2,"Esfahan",0,0,1,0,0,0,0,0,0,0,0
2020-02-24,"IRN",2,"Esfahan",0,0,1,0,0,0,0,2,2,2,2
2020-02-25,"IRN",2,"Esfahan",0,0,1,0,0,0,0,0,2,0,2
2020-02-26,"IRN",2,"Esfahan",0,0,1,0,0,0,0,0,2,0,2
2020-02-27,"IRN",2,"Esfahan",0,0,1,0,0,0,0,8,10,8,10
2020-02-28,"IRN",2,"Esfahan",0,0,1,0,0,0,0,10,20,10,20
2020-02-29,"IRN",2,"Esfahan",0,0,1,0,0,0,0,12,32,12,32
2020-03-01,"IRN",2,"Esfahan",0,1,1,0,0,0,0,13,45,13,45
2020-03-02,"IRN",2,"Esfahan",0,1,1,0,0,0,0,NA,NA,18,63
2020-03-03,"IRN",2,"Esfahan",0,1,1,1,0,0,0,NA,NA,28,91
2020-03-04,"IRN",2,"Esfahan",0,1,1,1,0,0,0,0,45,0,91
2020-03-05,"IRN",2,"Esfahan",1,1,1,1,0,0,0,118,163,118,209
2020-03-06,"IRN",2,"Esfahan",1,1,1,1,0,0,0,150,313,150,359
2020-03-07,"IRN",2,"Esfahan",1,1,1,1,0,0,0,96,409,96,455
2020-03-08,"IRN",2,"Esfahan",1,1,1,1,0,0,0,80,489,80,535
2020-03-09,"IRN",2,"Esfahan",1,1,1,1,0,0,0,37,526,37,572
2020-03-10,"IRN",2,"Esfahan",1,1,1,1,0,0,0,17,543,17,589
2020-03-11,"IRN",2,"Esfahan",1,1,1,1,0,0,0,170,713,170,759
2020-03-12,"IRN",2,"Esfahan",1,1,1,1,0,0,0,4,717,4,763
2020-03-13,"IRN",2,"Esfahan",1,1,1,1,1,1,0,110,827,110,873
2020-03-14,"IRN",2,"Esfahan",1,1,1,1,1,1,0,155,982,155,1028
2020-03-15,"IRN",2,"Esfahan",1,1,1,1,1,1,0,126,1108,126,1154
2020-03-16,"IRN",2,"Esfahan",1,1,1,1,1,1,0,118,1226,118,1272
2020-03-17,"IRN",2,"Esfahan",1,1,1,1,1,1,0,75,1301,75,1347
2020-03-18,"IRN",2,"Esfahan",1,1,1,1,1,1,0,162,1463,162,1509
2020-03-19,"IRN",2,"Esfahan",1,1,1,1,1,1,0,108,1571,108,1617
2020-03-20,"IRN",2,"Esfahan",1,1,1,1,1,1,0,145,1716,145,1762
2020-03-21,"IRN",2,"Esfahan",1,1,1,1,1,1,0,101,1817,101,1863
2020-03-22,"IRN",2,"Esfahan",1,1,1,1,1,1,0,87,1904,87,1950
2020-02-19,"IRN",2,"Fars",0,0,0,0,0,0,0,0,0,0,0
2020-02-20,"IRN",2,"Fars",0,0,0,0,0,0,0,0,0,0,0
2020-02-21,"IRN",2,"Fars",0,0,0,0,0,0,0,0,0,0,0
2020-02-22,"IRN",2,"Fars",0,0,1,0,0,0,0,0,0,0,0
2020-02-23,"IRN",2,"Fars",0,0,1,0,0,0,0,0,0,0,0
2020-02-24,"IRN",2,"Fars",0,0,1,0,0,0,0,0,0,0,0
2020-02-25,"IRN",2,"Fars",0,0,1,0,0,0,0,1,1,1,1
2020-02-26,"IRN",2,"Fars",0,0,1,0,0,0,0,2,3,2,3
2020-02-27,"IRN",2,"Fars",0,0,1,0,0,0,0,0,3,0,3
2020-02-28,"IRN",2,"Fars",0,0,1,0,0,0,0,0,3,0,3
2020-02-29,"IRN",2,"Fars",0,0,1,0,0,0,0,8,11,8,11
2020-03-01,"IRN",2,"Fars",0,1,1,0,0,0,0,8,19,8,19
2020-03-02,"IRN",2,"Fars",0,1,1,0,0,0,0,NA,NA,11,30
2020-03-03,"IRN",2,"Fars",0,1,1,1,0,0,0,NA,NA,17,47
2020-03-04,"IRN",2,"Fars",0,1,1,1,0,0,0,14,33,14,61
2020-03-05,"IRN",2,"Fars",1,1,1,1,0,0,0,19,52,19,80
2020-03-06,"IRN",2,"Fars",1,1,1,1,0,0,0,13,65,13,93
2020-03-07,"IRN",2,"Fars",1,1,1,1,0,0,0,14,79,14,107
2020-03-08,"IRN",2,"Fars",1,1,1,1,0,0,0,9,88,9,116
2020-03-09,"IRN",2,"Fars",1,1,1,1,0,0,0,29,117,29,145
2020-03-10,"IRN",2,"Fars",1,1,1,1,0,0,0,18,135,18,163
2020-03-11,"IRN",2,"Fars",1,1,1,1,0,0,0,19,154,19,182
2020-03-12,"IRN",2,"Fars",1,1,1,1,0,0,0,29,183,29,211
2020-03-13,"IRN",2,"Fars",1,1,1,1,1,1,0,33,216,33,244
2020-03-14,"IRN",2,"Fars",1,1,1,1,1,1,0,11,227,11,255
2020-03-15,"IRN",2,"Fars",1,1,1,1,1,1,0,9,236,9,264
2020-03-16,"IRN",2,"Fars",1,1,1,1,1,1,0,43,279,43,307
2020-03-17,"IRN",2,"Fars",1,1,1,1,1,1,0,31,310,31,338
2020-03-18,"IRN",2,"Fars",1,1,1,1,1,1,0,60,370,60,398
2020-03-19,"IRN",2,"Fars",1,1,1,1,1,1,0,21,391,21,419
2020-03-20,"IRN",2,"Fars",1,1,1,1,1,1,0,50,441,50,469
2020-03-21,"IRN",2,"Fars",1,1,1,1,1,1,0,22,463,22,491
2020-03-22,"IRN",2,"Fars",1,1,1,1,1,1,0,26,489,26,517
2020-02-19,"IRN",2,"Hormozgan",0,0,0,0,0,0,0,0,0,0,0
2020-02-20,"IRN",2,"Hormozgan",0,0,0,0,0,0,0,0,0,0,0
2020-02-21,"IRN",2,"Hormozgan",0,0,0,0,0,0,0,0,0,0,0
2020-02-22,"IRN",2,"Hormozgan",0,0,1,0,0,0,0,0,0,0,0
2020-02-23,"IRN",2,"Hormozgan",0,0,1,0,0,0,0,0,0,0,0
2020-02-24,"IRN",2,"Hormozgan",0,0,1,0,0,0,0,0,0,0,0
2020-02-25,"IRN",2,"Hormozgan",0,0,1,0,0,0,0,1,1,1,1
2020-02-26,"IRN",2,"Hormozgan",0,0,1,0,0,0,0,1,2,1,2
2020-02-27,"IRN",2,"Hormozgan",0,0,1,0,0,0,0,0,2,0,2
2020-02-28,"IRN",2,"Hormozgan",0,0,1,0,0,0,0,0,2,0,2
2020-02-29,"IRN",2,"Hormozgan",0,0,1,0,0,0,0,0,2,0,2
2020-03-01,"IRN",2,"Hormozgan",0,1,1,0,0,0,0,2,4,2,4
2020-03-02,"IRN",2,"Hormozgan",0,1,1,0,0,0,0,NA,NA,3,7
2020-03-03,"IRN",2,"Hormozgan",0,1,1,1,0,0,0,NA,NA,4,11
2020-03-04,"IRN",2,"Hormozgan",0,1,1,1,0,0,0,0,4,0,11
2020-03-05,"IRN",2,"Hormozgan",1,1,1,1,0,0,0,2,6,2,13
2020-03-06,"IRN",2,"Hormozgan",1,1,1,1,0,0,0,6,12,6,19
2020-03-07,"IRN",2,"Hormozgan",1,1,1,1,0,0,0,11,23,11,30
2020-03-08,"IRN",2,"Hormozgan",1,1,1,1,0,0,0,5,28,5,35
2020-03-09,"IRN",2,"Hormozgan",1,1,1,1,0,0,0,17,45,17,52
2020-03-10,"IRN",2,"Hormozgan",1,1,1,1,0,0,0,17,62,17,69
2020-03-11,"IRN",2,"Hormozgan",1,1,1,1,0,0,0,10,72,10,79
2020-03-12,"IRN",2,"Hormozgan",1,1,1,1,0,0,0,0,72,0,79
2020-03-13,"IRN",2,"Hormozgan",1,1,1,1,1,1,0,4,76,4,83
2020-03-14,"IRN",2,"Hormozgan",1,1,1,1,1,1,0,0,76,0,83
2020-03-15,"IRN",2,"Hormozgan",1,1,1,1,1,1,0,7,83,7,90
2020-03-16,"IRN",2,"Hormozgan",1,1,1,1,1,1,0,16,99,16,106
2020-03-17,"IRN",2,"Hormozgan",1,1,1,1,1,1,0,6,105,6,112
2020-03-18,"IRN",2,"Hormozgan",1,1,1,1,1,1,0,12,117,12,124
2020-03-19,"IRN",2,"Hormozgan",1,1,1,1,1,1,0,5,122,5,129
2020-03-20,"IRN",2,"Hormozgan",1,1,1,1,1,1,0,17,139,17,146
2020-03-21,"IRN",2,"Hormozgan",1,1,1,1,1,1,0,0,139,0,146
2020-03-22,"IRN",2,"Hormozgan",1,1,1,1,1,1,0,2,141,2,148
2020-02-19,"IRN",2,"Kohgiluyeh.and.Boyer_Ahmad",0,0,0,0,0,0,0,0,0,0,0
2020-02-20,"IRN",2,"Kohgiluyeh.and.Boyer_Ahmad",0,0,0,0,0,0,0,0,0,0,0
2020-02-21,"IRN",2,"Kohgiluyeh.and.Boyer_Ahmad",0,0,0,0,0,0,0,0,0,0,0
2020-02-22,"IRN",2,"Kohgiluyeh.and.Boyer_Ahmad",0,0,1,0,0,0,0,0,0,0,0
2020-02-23,"IRN",2,"Kohgiluyeh.and.Boyer_Ahmad",0,0,1,0,0,0,0,0,0,0,0
2020-02-24,"IRN",2,"Kohgiluyeh.and.Boyer_Ahmad",0,0,1,0,0,0,0,0,0,0,0
2020-02-25,"IRN",2,"Kohgiluyeh.and.Boyer_Ahmad",0,0,1,0,0,0,0,0,0,0,0
2020-02-26,"IRN",2,"Kohgiluyeh.and.Boyer_Ahmad",0,0,1,0,0,0,0,2,2,2,2
2020-02-27,"IRN",2,"Kohgiluyeh.and.Boyer_Ahmad",0,0,1,0,0,0,0,0,2,0,2
2020-02-28,"IRN",2,"Kohgiluyeh.and.Boyer_Ahmad",0,0,1,0,0,0,0,0,2,0,2
2020-02-29,"IRN",2,"Kohgiluyeh.and.Boyer_Ahmad",0,0,1,0,0,0,0,0,2,0,2
2020-03-01,"IRN",2,"Kohgiluyeh.and.Boyer_Ahmad",0,1,1,0,0,0,0,0,2,0,2
2020-03-02,"IRN",2,"Kohgiluyeh.and.Boyer_Ahmad",0,1,1,0,0,0,0,NA,NA,0,2
2020-03-03,"IRN",2,"Kohgiluyeh.and.Boyer_Ahmad",0,1,1,1,0,0,0,NA,NA,0,2
2020-03-04,"IRN",2,"Kohgiluyeh.and.Boyer_Ahmad",0,1,1,1,0,0,0,0,2,0,2
2020-03-05,"IRN",2,"Kohgiluyeh.and.Boyer_Ahmad",1,1,1,1,0,0,0,0,2,0,2
2020-03-06,"IRN",2,"Kohgiluyeh.and.Boyer_Ahmad",1,1,1,1,0,0,0,4,6,4,6
2020-03-07,"IRN",2,"Kohgiluyeh.and.Boyer_Ahmad",1,1,1,1,0,0,0,0,6,0,6
2020-03-08,"IRN",2,"Kohgiluyeh.and.Boyer_Ahmad",1,1,1,1,0,0,0,3,9,3,9
2020-03-09,"IRN",2,"Kohgiluyeh.and.Boyer_Ahmad",1,1,1,1,0,0,0,0,9,0,9
2020-03-10,"IRN",2,"Kohgiluyeh.and.Boyer_Ahmad",1,1,1,1,0,0,0,2,11,2,11
2020-03-11,"IRN",2,"Kohgiluyeh.and.Boyer_Ahmad",1,1,1,1,0,0,0,0,11,0,11
2020-03-12,"IRN",2,"Kohgiluyeh.and.Boyer_Ahmad",1,1,1,1,0,0,0,15,26,15,26
2020-03-13,"IRN",2,"Kohgiluyeh.and.Boyer_Ahmad",1,1,1,1,1,1,0,0,26,0,26
2020-03-14,"IRN",2,"Kohgiluyeh.and.Boyer_Ahmad",1,1,1,1,1,1,0,0,26,0,26
2020-03-15,"IRN",2,"Kohgiluyeh.and.Boyer_Ahmad",1,1,1,1,1,1,0,1,27,1,27
2020-03-16,"IRN",2,"Kohgiluyeh.and.Boyer_Ahmad",1,1,1,1,1,1,0,5,32,5,32
2020-03-17,"IRN",2,"Kohgiluyeh.and.Boyer_Ahmad",1,1,1,1,1,1,0,0,32,0,32
2020-03-18,"IRN",2,"Kohgiluyeh.and.Boyer_Ahmad",1,1,1,1,1,1,0,13,45,13,45
2020-03-19,"IRN",2,"Kohgiluyeh.and.Boyer_Ahmad",1,1,1,1,1,1,0,15,60,15,60
2020-03-20,"IRN",2,"Kohgiluyeh.and.Boyer_Ahmad",1,1,1,1,1,1,0,1,61,1,61
2020-03-21,"IRN",2,"Kohgiluyeh.and.Boyer_Ahmad",1,1,1,1,1,1,0,12,73,12,73
2020-03-22,"IRN",2,"Kohgiluyeh.and.Boyer_Ahmad",1,1,1,1,1,1,0,0,73,0,73
2020-02-19,"IRN",2,"Chaharmahal.and.Bakhtiari",0,0,0,0,0,0,0,0,0,0,0
2020-02-20,"IRN",2,"Chaharmahal.and.Bakhtiari",0,0,0,0,0,0,0,0,0,0,0
2020-02-21,"IRN",2,"Chaharmahal.and.Bakhtiari",0,0,0,0,0,0,0,0,0,0,0
2020-02-22,"IRN",2,"Chaharmahal.and.Bakhtiari",0,0,1,0,0,0,0,0,0,0,0
2020-02-23,"IRN",2,"Chaharmahal.and.Bakhtiari",0,0,1,0,0,0,0,0,0,0,0
2020-02-24,"IRN",2,"Chaharmahal.and.Bakhtiari",0,0,1,0,0,0,0,0,0,0,0
2020-02-25,"IRN",2,"Chaharmahal.and.Bakhtiari",0,0,1,0,0,0,0,0,0,0,0
2020-02-26,"IRN",2,"Chaharmahal.and.Bakhtiari",0,0,1,0,0,0,0,0,0,0,0
2020-02-27,"IRN",2,"Chaharmahal.and.Bakhtiari",0,0,1,0,0,0,0,0,0,0,0
2020-02-28,"IRN",2,"Chaharmahal.and.Bakhtiari",0,0,1,0,0,0,0,0,0,0,0
2020-02-29,"IRN",2,"Chaharmahal.and.Bakhtiari",0,0,1,0,0,0,0,0,0,0,0
2020-03-01,"IRN",2,"Chaharmahal.and.Bakhtiari",0,1,1,0,0,0,0,0,0,0,0
2020-03-02,"IRN",2,"Chaharmahal.and.Bakhtiari",0,1,1,0,0,0,0,NA,NA,0,0
2020-03-03,"IRN",2,"Chaharmahal.and.Bakhtiari",0,1,1,1,0,0,0,NA,NA,0,0
2020-03-04,"IRN",2,"Chaharmahal.and.Bakhtiari",0,1,1,1,0,0,0,1,1,1,1
2020-03-05,"IRN",2,"Chaharmahal.and.Bakhtiari",1,1,1,1,0,0,0,8,9,8,9
2020-03-06,"IRN",2,"Chaharmahal.and.Bakhtiari",1,1,1,1,0,0,0,5,14,5,14
2020-03-07,"IRN",2,"Chaharmahal.and.Bakhtiari",1,1,1,1,0,0,0,2,16,2,16
2020-03-08,"IRN",2,"Chaharmahal.and.Bakhtiari",1,1,1,1,0,0,0,5,21,5,21
2020-03-09,"IRN",2,"Chaharmahal.and.Bakhtiari",1,1,1,1,0,0,0,5,26,5,26
2020-03-10,"IRN",2,"Chaharmahal.and.Bakhtiari",1,1,1,1,0,0,0,11,37,11,37
2020-03-11,"IRN",2,"Chaharmahal.and.Bakhtiari",1,1,1,1,0,0,0,1,38,1,38
2020-03-12,"IRN",2,"Chaharmahal.and.Bakhtiari",1,1,1,1,0,0,0,11,49,11,49
2020-03-13,"IRN",2,"Chaharmahal.and.Bakhtiari",1,1,1,1,1,1,0,0,49,0,49
2020-03-14,"IRN",2,"Chaharmahal.and.Bakhtiari",1,1,1,1,1,1,0,0,49,0,49
2020-03-15,"IRN",2,"Chaharmahal.and.Bakhtiari",1,1,1,1,1,1,0,0,49,0,49
2020-03-16,"IRN",2,"Chaharmahal.and.Bakhtiari",1,1,1,1,1,1,0,3,52,3,52
2020-03-17,"IRN",2,"Chaharmahal.and.Bakhtiari",1,1,1,1,1,1,0,2,54,2,54
2020-03-18,"IRN",2,"Chaharmahal.and.Bakhtiari",1,1,1,1,1,1,0,4,58,4,58
2020-03-19,"IRN",2,"Chaharmahal.and.Bakhtiari",1,1,1,1,1,1,0,3,61,3,61
2020-03-20,"IRN",2,"Chaharmahal.and.Bakhtiari",1,1,1,1,1,1,0,3,64,3,64
2020-03-21,"IRN",2,"Chaharmahal.and.Bakhtiari",1,1,1,1,1,1,0,2,66,2,66
2020-03-22,"IRN",2,"Chaharmahal.and.Bakhtiari",1,1,1,1,1,1,0,2,68,2,68
2020-02-19,"IRN",2,"Bushehr",0,0,0,0,0,0,0,0,0,0,0
2020-02-20,"IRN",2,"Bushehr",0,0,0,0,0,0,0,0,0,0,0
2020-02-21,"IRN",2,"Bushehr",0,0,0,0,0,0,0,0,0,0,0
2020-02-22,"IRN",2,"Bushehr",0,0,1,0,0,0,0,0,0,0,0
2020-02-23,"IRN",2,"Bushehr",0,0,1,0,0,0,0,0,0,0,0
2020-02-24,"IRN",2,"Bushehr",0,0,1,0,0,0,0,0,0,0,0
2020-02-25,"IRN",2,"Bushehr",0,0,1,0,0,0,0,0,0,0,0
2020-02-26,"IRN",2,"Bushehr",0,0,1,0,0,0,0,0,0,0,0
2020-02-27,"IRN",2,"Bushehr",0,0,1,0,0,0,0,0,0,0,0
2020-02-28,"IRN",2,"Bushehr",0,0,1,0,0,0,0,0,0,0,0
2020-02-29,"IRN",2,"Bushehr",0,0,1,0,0,0,0,0,0,0,0
2020-03-01,"IRN",2,"Bushehr",0,1,1,0,0,0,0,0,0,0,0
2020-03-02,"IRN",2,"Bushehr",0,1,1,0,0,0,0,NA,NA,0,0
2020-03-03,"IRN",2,"Bushehr",0,1,1,1,0,0,0,NA,NA,0,0
2020-03-04,"IRN",2,"Bushehr",0,1,1,1,0,0,0,0,0,0,0
2020-03-05,"IRN",2,"Bushehr",1,1,1,1,0,0,0,3,3,3,3
2020-03-06,"IRN",2,"Bushehr",1,1,1,1,0,0,0,2,5,2,5
2020-03-07,"IRN",2,"Bushehr",1,1,1,1,0,0,0,3,8,3,8
2020-03-08,"IRN",2,"Bushehr",1,1,1,1,0,0,0,2,10,2,10
2020-03-09,"IRN",2,"Bushehr",1,1,1,1,0,0,0,1,11,1,11
2020-03-10,"IRN",2,"Bushehr",1,1,1,1,0,0,0,7,18,7,18
2020-03-11,"IRN",2,"Bushehr",1,1,1,1,0,0,0,0,18,0,18
2020-03-12,"IRN",2,"Bushehr",1,1,1,1,0,0,0,3,21,3,21
2020-03-13,"IRN",2,"Bushehr",1,1,1,1,1,1,0,0,21,0,21
2020-03-14,"IRN",2,"Bushehr",1,1,1,1,1,1,0,7,28,7,28
2020-03-15,"IRN",2,"Bushehr",1,1,1,1,1,1,0,6,34,6,34
2020-03-16,"IRN",2,"Bushehr",1,1,1,1,1,1,0,4,38,4,38
2020-03-17,"IRN",2,"Bushehr",1,1,1,1,1,1,0,4,42,4,42
2020-03-18,"IRN",2,"Bushehr",1,1,1,1,1,1,0,4,46,4,46
2020-03-19,"IRN",2,"Bushehr",1,1,1,1,1,1,0,8,54,8,54
2020-03-20,"IRN",2,"Bushehr",1,1,1,1,1,1,0,1,55,1,55
2020-03-21,"IRN",2,"Bushehr",1,1,1,1,1,1,0,0,55,0,55
2020-03-22,"IRN",2,"Bushehr",1,1,1,1,1,1,0,0,55,0,55
2020-02-19,"IRN",3,"Gilan",0,0,0,0,0,0,0,0,0,0,0
2020-02-20,"IRN",3,"Gilan",0,0,0,0,0,0,0,0,0,0,0
2020-02-21,"IRN",3,"Gilan",0,0,0,0,0,0,0,2,2,2,2
2020-02-22,"IRN",3,"Gilan",0,0,1,0,0,0,0,0,2,0,2
2020-02-23,"IRN",3,"Gilan",0,0,1,0,0,0,0,2,4,2,4
2020-02-24,"IRN",3,"Gilan",0,0,1,0,0,0,0,2,6,2,6
2020-02-25,"IRN",3,"Gilan",0,0,1,0,0,0,0,2,8,2,8
2020-02-26,"IRN",3,"Gilan",0,0,1,0,0,0,0,1,9,1,9
2020-02-27,"IRN",3,"Gilan",0,0,1,0,0,0,0,23,32,23,32
2020-02-28,"IRN",3,"Gilan",0,0,1,0,0,0,0,25,57,25,57
2020-02-29,"IRN",3,"Gilan",0,0,1,0,0,0,0,17,74,17,74
2020-03-01,"IRN",3,"Gilan",0,1,1,0,0,0,0,28,102,28,102
2020-03-02,"IRN",3,"Gilan",0,1,1,0,0,0,0,NA,NA,38,140
2020-03-03,"IRN",3,"Gilan",0,1,1,1,0,0,0,NA,NA,61,201
2020-03-04,"IRN",3,"Gilan",0,1,1,1,0,0,0,35,137,35,236
2020-03-05,"IRN",3,"Gilan",1,1,1,1,0,0,0,80,217,80,316
2020-03-06,"IRN",3,"Gilan",1,1,1,1,0,0,0,91,308,91,407
2020-03-07,"IRN",3,"Gilan",1,1,1,1,0,0,0,70,378,70,477
2020-03-08,"IRN",3,"Gilan",1,1,1,1,0,0,0,2,380,2,479
2020-03-09,"IRN",3,"Gilan",1,1,1,1,0,0,0,28,408,28,507
2020-03-10,"IRN",3,"Gilan",1,1,1,1,0,0,0,0,408,0,507
2020-03-11,"IRN",3,"Gilan",1,1,1,1,0,0,0,5,413,5,512
2020-03-12,"IRN",3,"Gilan",1,1,1,1,0,0,0,84,497,84,596
2020-03-13,"IRN",3,"Gilan",1,1,1,1,1,1,0,71,568,71,667
2020-03-14,"IRN",3,"Gilan",1,1,1,1,1,1,0,113,681,113,780
2020-03-15,"IRN",3,"Gilan",1,1,1,1,1,1,0,43,724,43,823
2020-03-16,"IRN",3,"Gilan",1,1,1,1,1,1,0,18,742,18,841
2020-03-17,"IRN",3,"Gilan",1,1,1,1,1,1,0,45,787,45,886
2020-03-18,"IRN",3,"Gilan",1,1,1,1,1,1,0,21,808,21,907
2020-03-19,"IRN",3,"Gilan",1,1,1,1,1,1,0,73,881,73,980
2020-03-20,"IRN",3,"Gilan",1,1,1,1,1,1,0,99,980,99,1079
2020-03-21,"IRN",3,"Gilan",1,1,1,1,1,1,0,57,1037,57,1136
2020-03-22,"IRN",3,"Gilan",1,1,1,1,1,1,0,38,1075,38,1174
2020-02-19,"IRN",3,"Ardebil",0,0,0,0,0,0,0,0,0,0,0
2020-02-20,"IRN",3,"Ardebil",0,0,0,0,0,0,0,0,0,0,0
2020-02-21,"IRN",3,"Ardebil",0,0,0,0,0,0,0,0,0,0,0
2020-02-22,"IRN",3,"Ardebil",0,0,1,0,0,0,0,0,0,0,0
2020-02-23,"IRN",3,"Ardebil",0,0,1,0,0,0,0,0,0,0,0
2020-02-24,"IRN",3,"Ardebil",0,0,1,0,0,0,0,0,0,0,0
2020-02-25,"IRN",3,"Ardebil",0,0,1,0,0,0,0,0,0,0,0
2020-02-26,"IRN",3,"Ardebil",0,0,1,0,0,0,0,0,0,0,0
2020-02-27,"IRN",3,"Ardebil",0,0,1,0,0,0,0,5,5,5,5
2020-02-28,"IRN",3,"Ardebil",0,0,1,0,0,0,0,1,6,1,6
2020-02-29,"IRN",3,"Ardebil",0,0,1,0,0,0,0,3,9,3,9
2020-03-01,"IRN",3,"Ardebil",0,1,1,0,0,0,0,0,9,0,9
2020-03-02,"IRN",3,"Ardebil",0,1,1,0,0,0,0,NA,NA,0,9
2020-03-03,"IRN",3,"Ardebil",0,1,1,1,0,0,0,NA,NA,0,9
2020-03-04,"IRN",3,"Ardebil",0,1,1,1,0,0,0,0,9,0,9
2020-03-05,"IRN",3,"Ardebil",1,1,1,1,0,0,0,17,26,17,26
2020-03-06,"IRN",3,"Ardebil",1,1,1,1,0,0,0,11,37,11,37
2020-03-07,"IRN",3,"Ardebil",1,1,1,1,0,0,0,1,38,1,38
2020-03-08,"IRN",3,"Ardebil",1,1,1,1,0,0,0,9,47,9,47
2020-03-09,"IRN",3,"Ardebil",1,1,1,1,0,0,0,22,69,22,69
2020-03-10,"IRN",3,"Ardebil",1,1,1,1,0,0,0,19,88,19,88
2020-03-11,"IRN",3,"Ardebil",1,1,1,1,0,0,0,1,89,1,89
2020-03-12,"IRN",3,"Ardebil",1,1,1,1,0,0,0,14,103,14,103
2020-03-13,"IRN",3,"Ardebil",1,1,1,1,1,1,0,15,118,15,118
2020-03-14,"IRN",3,"Ardebil",1,1,1,1,1,1,0,33,151,33,151
2020-03-15,"IRN",3,"Ardebil",1,1,1,1,1,1,0,0,151,0,151
2020-03-16,"IRN",3,"Ardebil",1,1,1,1,1,1,0,30,181,30,181
2020-03-17,"IRN",3,"Ardebil",1,1,1,1,1,1,0,19,200,19,200
2020-03-18,"IRN",3,"Ardebil",1,1,1,1,1,1,0,10,210,10,210
2020-03-19,"IRN",3,"Ardebil",1,1,1,1,1,1,0,16,226,16,226
2020-03-20,"IRN",3,"Ardebil",1,1,1,1,1,1,0,35,261,35,261
2020-03-21,"IRN",3,"Ardebil",1,1,1,1,1,1,0,6,267,6,267
2020-03-22,"IRN",3,"Ardebil",1,1,1,1,1,1,0,19,286,19,286
2020-02-19,"IRN",3,"East.Azerbaijan",0,0,0,0,0,0,0,0,0,0,0
2020-02-20,"IRN",3,"East.Azerbaijan",0,0,0,0,0,0,0,0,0,0,0
2020-02-21,"IRN",3,"East.Azerbaijan",0,0,0,0,0,0,0,0,0,0,0
2020-02-22,"IRN",3,"East.Azerbaijan",0,0,1,0,0,0,0,0,0,0,0
2020-02-23,"IRN",3,"East.Azerbaijan",0,0,1,0,0,0,0,0,0,0,0
2020-02-24,"IRN",3,"East.Azerbaijan",0,0,1,0,0,0,0,0,0,0,0
2020-02-25,"IRN",3,"East.Azerbaijan",0,0,1,0,0,0,0,0,0,0,0
2020-02-26,"IRN",3,"East.Azerbaijan",0,0,1,0,0,0,0,0,0,0,0
2020-02-27,"IRN",3,"East.Azerbaijan",0,0,1,0,0,0,0,2,2,2,2
2020-02-28,"IRN",3,"East.Azerbaijan",0,0,1,0,0,0,0,4,6,4,6
2020-02-29,"IRN",3,"East.Azerbaijan",0,0,1,0,0,0,0,6,12,6,12
2020-03-01,"IRN",3,"East.Azerbaijan",0,1,1,0,0,0,0,0,12,0,12
2020-03-02,"IRN",3,"East.Azerbaijan",0,1,1,0,0,0,0,NA,NA,0,12
2020-03-03,"IRN",3,"East.Azerbaijan",0,1,1,1,0,0,0,NA,NA,0,12
2020-03-04,"IRN",3,"East.Azerbaijan",0,1,1,1,0,0,0,9,21,9,21
2020-03-05,"IRN",3,"East.Azerbaijan",1,1,1,1,0,0,0,10,31,10,31
2020-03-06,"IRN",3,"East.Azerbaijan",1,1,1,1,0,0,0,10,41,10,41
2020-03-07,"IRN",3,"East.Azerbaijan",1,1,1,1,0,0,0,2,43,2,43
2020-03-08,"IRN",3,"East.Azerbaijan",1,1,1,1,0,0,0,30,73,30,73
2020-03-09,"IRN",3,"East.Azerbaijan",1,1,1,1,0,0,0,22,95,22,95
2020-03-10,"IRN",3,"East.Azerbaijan",1,1,1,1,0,0,0,17,112,17,112
2020-03-11,"IRN",3,"East.Azerbaijan",1,1,1,1,0,0,0,29,141,29,141
2020-03-12,"IRN",3,"East.Azerbaijan",1,1,1,1,0,0,0,7,148,7,148
2020-03-13,"IRN",3,"East.Azerbaijan",1,1,1,1,1,1,0,97,245,97,245
2020-03-14,"IRN",3,"East.Azerbaijan",1,1,1,1,1,1,0,59,304,59,304
2020-03-15,"IRN",3,"East.Azerbaijan",1,1,1,1,1,1,0,36,340,36,340
2020-03-16,"IRN",3,"East.Azerbaijan",1,1,1,1,1,1,0,35,375,35,375
2020-03-17,"IRN",3,"East.Azerbaijan",1,1,1,1,1,1,0,78,453,78,453
2020-03-18,"IRN",3,"East.Azerbaijan",1,1,1,1,1,1,0,84,537,84,537
2020-03-19,"IRN",3,"East.Azerbaijan",1,1,1,1,1,1,0,58,595,58,595
2020-03-20,"IRN",3,"East.Azerbaijan",1,1,1,1,1,1,0,55,650,55,650
2020-03-21,"IRN",3,"East.Azerbaijan",1,1,1,1,1,1,0,72,722,72,722
2020-03-22,"IRN",3,"East.Azerbaijan",1,1,1,1,1,1,0,57,779,57,779
2020-02-19,"IRN",3,"West.Azerbaijan",0,0,0,0,0,0,0,0,0,0,0
2020-02-20,"IRN",3,"West.Azerbaijan",0,0,0,0,0,0,0,0,0,0,0
2020-02-21,"IRN",3,"West.Azerbaijan",0,0,0,0,0,0,0,0,0,0,0
2020-02-22,"IRN",3,"West.Azerbaijan",0,0,1,0,0,0,0,0,0,0,0
2020-02-23,"IRN",3,"West.Azerbaijan",0,0,1,0,0,0,0,0,0,0,0
2020-02-24,"IRN",3,"West.Azerbaijan",0,0,1,0,0,0,0,0,0,0,0
2020-02-25,"IRN",3,"West.Azerbaijan",0,0,1,0,0,0,0,0,0,0,0
2020-02-26,"IRN",3,"West.Azerbaijan",0,0,1,0,0,0,0,0,0,0,0
2020-02-27,"IRN",3,"West.Azerbaijan",0,0,1,0,0,0,0,1,1,1,1
2020-02-28,"IRN",3,"West.Azerbaijan",0,0,1,0,0,0,0,0,1,0,1
2020-02-29,"IRN",3,"West.Azerbaijan",0,0,1,0,0,0,0,0,1,0,1
2020-03-01,"IRN",3,"West.Azerbaijan",0,1,1,0,0,0,0,0,1,0,1
2020-03-02,"IRN",3,"West.Azerbaijan",0,1,1,0,0,0,0,NA,NA,0,1
2020-03-03,"IRN",3,"West.Azerbaijan",0,1,1,1,0,0,0,NA,NA,0,1
2020-03-04,"IRN",3,"West.Azerbaijan",0,1,1,1,0,0,0,0,1,0,1
2020-03-05,"IRN",3,"West.Azerbaijan",1,1,1,1,0,0,0,5,6,5,6
2020-03-06,"IRN",3,"West.Azerbaijan",1,1,1,1,0,0,0,1,7,1,7
2020-03-07,"IRN",3,"West.Azerbaijan",1,1,1,1,0,0,0,22,29,22,29
2020-03-08,"IRN",3,"West.Azerbaijan",1,1,1,1,0,0,0,7,36,7,36
2020-03-09,"IRN",3,"West.Azerbaijan",1,1,1,1,0,0,0,29,65,29,65
2020-03-10,"IRN",3,"West.Azerbaijan",1,1,1,1,0,0,0,4,69,4,69
2020-03-11,"IRN",3,"West.Azerbaijan",1,1,1,1,0,0,0,27,96,27,96
2020-03-12,"IRN",3,"West.Azerbaijan",1,1,1,1,0,0,0,19,115,19,115
2020-03-13,"IRN",3,"West.Azerbaijan",1,1,1,1,1,1,0,25,140,25,140
2020-03-14,"IRN",3,"West.Azerbaijan",1,1,1,1,1,1,0,31,171,31,171
2020-03-15,"IRN",3,"West.Azerbaijan",1,1,1,1,1,1,0,18,189,18,189
2020-03-16,"IRN",3,"West.Azerbaijan",1,1,1,1,1,1,0,31,220,31,220
2020-03-17,"IRN",3,"West.Azerbaijan",1,1,1,1,1,1,0,34,254,34,254
2020-03-18,"IRN",3,"West.Azerbaijan",1,1,1,1,1,1,0,42,296,42,296
2020-03-19,"IRN",3,"West.Azerbaijan",1,1,1,1,1,1,0,26,322,26,322
2020-03-20,"IRN",3,"West.Azerbaijan",1,1,1,1,1,1,0,27,349,27,349
2020-03-21,"IRN",3,"West.Azerbaijan",1,1,1,1,1,1,0,14,363,14,363
2020-03-22,"IRN",3,"West.Azerbaijan",1,1,1,1,1,1,0,28,391,28,391
2020-02-19,"IRN",3,"Kurdistan",0,0,0,0,0,0,0,0,0,0,0
2020-02-20,"IRN",3,"Kurdistan",0,0,0,0,0,0,0,0,0,0,0
2020-02-21,"IRN",3,"Kurdistan",0,0,0,0,0,0,0,0,0,0,0
2020-02-22,"IRN",3,"Kurdistan",0,0,1,0,0,0,0,0,0,0,0
2020-02-23,"IRN",3,"Kurdistan",0,0,1,0,0,0,0,0,0,0,0
2020-02-24,"IRN",3,"Kurdistan",0,0,1,0,0,0,0,0,0,0,0
2020-02-25,"IRN",3,"Kurdistan",0,0,1,0,0,0,0,0,0,0,0
2020-02-26,"IRN",3,"Kurdistan",0,0,1,0,0,0,0,0,0,0,0
2020-02-27,"IRN",3,"Kurdistan",0,0,1,0,0,0,0,1,1,1,1
2020-02-28,"IRN",3,"Kurdistan",0,0,1,0,0,0,0,2,3,2,3
2020-02-29,"IRN",3,"Kurdistan",0,0,1,0,0,0,0,5,8,5,8
2020-03-01,"IRN",3,"Kurdistan",0,1,1,0,0,0,0,0,8,0,8
2020-03-02,"IRN",3,"Kurdistan",0,1,1,0,0,0,0,NA,NA,0,8
2020-03-03,"IRN",3,"Kurdistan",0,1,1,1,0,0,0,NA,NA,0,8
2020-03-04,"IRN",3,"Kurdistan",0,1,1,1,0,0,0,4,12,4,12
2020-03-05,"IRN",3,"Kurdistan",1,1,1,1,0,0,0,6,18,6,18
2020-03-06,"IRN",3,"Kurdistan",1,1,1,1,0,0,0,24,42,24,42
2020-03-07,"IRN",3,"Kurdistan",1,1,1,1,0,0,0,2,44,2,44
2020-03-08,"IRN",3,"Kurdistan",1,1,1,1,0,0,0,19,63,19,63
2020-03-09,"IRN",3,"Kurdistan",1,1,1,1,0,0,0,3,66,3,66
2020-03-10,"IRN",3,"Kurdistan",1,1,1,1,0,0,0,12,78,12,78
2020-03-11,"IRN",3,"Kurdistan",1,1,1,1,0,0,0,6,84,6,84
2020-03-12,"IRN",3,"Kurdistan",1,1,1,1,0,0,0,9,93,9,93
2020-03-13,"IRN",3,"Kurdistan",1,1,1,1,1,1,0,9,102,9,102
2020-03-14,"IRN",3,"Kurdistan",1,1,1,1,1,1,0,5,107,5,107
2020-03-15,"IRN",3,"Kurdistan",1,1,1,1,1,1,0,27,134,27,134
2020-03-16,"IRN",3,"Kurdistan",1,1,1,1,1,1,0,31,165,31,165
2020-03-17,"IRN",3,"Kurdistan",1,1,1,1,1,1,0,2,167,2,167
2020-03-18,"IRN",3,"Kurdistan",1,1,1,1,1,1,0,22,189,22,189
2020-03-19,"IRN",3,"Kurdistan",1,1,1,1,1,1,0,11,200,11,200
2020-03-20,"IRN",3,"Kurdistan",1,1,1,1,1,1,0,15,215,15,215
2020-03-21,"IRN",3,"Kurdistan",1,1,1,1,1,1,0,7,222,7,222
2020-03-22,"IRN",3,"Kurdistan",1,1,1,1,1,1,0,16,238,16,238
2020-02-19,"IRN",3,"Zanjan",0,0,0,0,0,0,0,0,0,0,0
2020-02-20,"IRN",3,"Zanjan",0,0,0,0,0,0,0,0,0,0,0
2020-02-21,"IRN",3,"Zanjan",0,0,0,0,0,0,0,0,0,0,0
2020-02-22,"IRN",3,"Zanjan",0,0,1,0,0,0,0,0,0,0,0
2020-02-23,"IRN",3,"Zanjan",0,0,1,0,0,0,0,0,0,0,0
2020-02-24,"IRN",3,"Zanjan",0,0,1,0,0,0,0,0,0,0,0
2020-02-25,"IRN",3,"Zanjan",0,0,1,0,0,0,0,0,0,0,0
2020-02-26,"IRN",3,"Zanjan",0,0,1,0,0,0,0,0,0,0,0
2020-02-27,"IRN",3,"Zanjan",0,0,1,0,0,0,0,0,0,0,0
2020-02-28,"IRN",3,"Zanjan",0,0,1,0,0,0,0,0,0,0,0
2020-02-29,"IRN",3,"Zanjan",0,0,1,0,0,0,0,0,0,0,0
2020-03-01,"IRN",3,"Zanjan",0,1,1,0,0,0,0,0,0,0,0
2020-03-02,"IRN",3,"Zanjan",0,1,1,0,0,0,0,NA,NA,0,0
2020-03-03,"IRN",3,"Zanjan",0,1,1,1,0,0,0,NA,NA,0,0
2020-03-04,"IRN",3,"Zanjan",0,1,1,1,0,0,0,6,6,6,6
2020-03-05,"IRN",3,"Zanjan",1,1,1,1,0,0,0,7,13,7,13
2020-03-06,"IRN",3,"Zanjan",1,1,1,1,0,0,0,35,48,35,48
2020-03-07,"IRN",3,"Zanjan",1,1,1,1,0,0,0,2,50,2,50
2020-03-08,"IRN",3,"Zanjan",1,1,1,1,0,0,0,1,51,1,51
2020-03-09,"IRN",3,"Zanjan",1,1,1,1,0,0,0,15,66,15,66
2020-03-10,"IRN",3,"Zanjan",1,1,1,1,0,0,0,11,77,11,77
2020-03-11,"IRN",3,"Zanjan",1,1,1,1,0,0,0,22,99,22,99
2020-03-12,"IRN",3,"Zanjan",1,1,1,1,0,0,0,17,116,17,116
2020-03-13,"IRN",3,"Zanjan",1,1,1,1,1,1,0,20,136,20,136
2020-03-14,"IRN",3,"Zanjan",1,1,1,1,1,1,0,31,167,31,167
2020-03-15,"IRN",3,"Zanjan",1,1,1,1,1,1,0,32,199,32,199
2020-03-16,"IRN",3,"Zanjan",1,1,1,1,1,1,0,15,214,15,214
2020-03-17,"IRN",3,"Zanjan",1,1,1,1,1,1,0,25,239,25,239
2020-03-18,"IRN",3,"Zanjan",1,1,1,1,1,1,0,20,259,20,259
2020-03-19,"IRN",3,"Zanjan",1,1,1,1,1,1,0,26,285,26,285
2020-03-20,"IRN",3,"Zanjan",1,1,1,1,1,1,0,44,329,44,329
2020-03-21,"IRN",3,"Zanjan",1,1,1,1,1,1,0,35,364,35,364
2020-03-22,"IRN",3,"Zanjan",1,1,1,1,1,1,0,28,392,28,392
2020-02-19,"IRN",4,"Markazi",0,0,0,0,0,0,0,0,0,0,0
2020-02-20,"IRN",4,"Markazi",0,0,0,0,0,0,0,1,1,1,1
2020-02-21,"IRN",4,"Markazi",0,0,0,0,0,0,0,0,1,0,1
2020-02-22,"IRN",4,"Markazi",0,0,1,0,0,0,0,0,1,0,1
2020-02-23,"IRN",4,"Markazi",0,0,1,0,0,0,0,1,2,1,2
2020-02-24,"IRN",4,"Markazi",0,0,1,0,0,0,0,2,4,2,4
2020-02-25,"IRN",4,"Markazi",0,0,1,0,0,0,0,0,4,0,4
2020-02-26,"IRN",4,"Markazi",0,0,1,0,0,0,0,1,5,1,5
2020-02-27,"IRN",4,"Markazi",0,0,1,0,0,0,0,0,5,0,5
2020-02-28,"IRN",4,"Markazi",0,0,1,0,0,0,0,0,5,0,5
2020-02-29,"IRN",4,"Markazi",0,0,1,0,0,0,0,18,23,18,23
2020-03-01,"IRN",4,"Markazi",0,1,1,0,0,0,0,44,67,44,67
2020-03-02,"IRN",4,"Markazi",0,1,1,0,0,0,0,NA,NA,60,127
2020-03-03,"IRN",4,"Markazi",0,1,1,1,0,0,0,NA,NA,95,222
2020-03-04,"IRN",4,"Markazi",0,1,1,1,0,0,0,8,75,8,230
2020-03-05,"IRN",4,"Markazi",1,1,1,1,0,0,0,31,106,31,261
2020-03-06,"IRN",4,"Markazi",1,1,1,1,0,0,0,48,154,48,309
2020-03-07,"IRN",4,"Markazi",1,1,1,1,0,0,0,37,191,37,346
2020-03-08,"IRN",4,"Markazi",1,1,1,1,0,0,0,70,261,70,416
2020-03-09,"IRN",4,"Markazi",1,1,1,1,0,0,0,54,315,54,470
2020-03-10,"IRN",4,"Markazi",1,1,1,1,0,0,0,27,342,27,497
2020-03-11,"IRN",4,"Markazi",1,1,1,1,0,0,0,31,373,31,528
2020-03-12,"IRN",4,"Markazi",1,1,1,1,0,0,0,88,461,88,616
2020-03-13,"IRN",4,"Markazi",1,1,1,1,1,1,0,48,509,48,664
2020-03-14,"IRN",4,"Markazi",1,1,1,1,1,1,0,115,624,115,779
2020-03-15,"IRN",4,"Markazi",1,1,1,1,1,1,0,0,624,0,779
2020-03-16,"IRN",4,"Markazi",1,1,1,1,1,1,0,14,638,14,793
2020-03-17,"IRN",4,"Markazi",1,1,1,1,1,1,0,47,685,47,840
2020-03-18,"IRN",4,"Markazi",1,1,1,1,1,1,0,23,708,23,863
2020-03-19,"IRN",4,"Markazi",1,1,1,1,1,1,0,47,755,47,910
2020-03-20,"IRN",4,"Markazi",1,1,1,1,1,1,0,17,772,17,927
2020-03-21,"IRN",4,"Markazi",1,1,1,1,1,1,0,0,772,0,927
2020-03-22,"IRN",4,"Markazi",1,1,1,1,1,1,0,36,808,36,963
2020-02-19,"IRN",4,"Hamedan",0,0,0,0,0,0,0,0,0,0,0
2020-02-20,"IRN",4,"Hamedan",0,0,0,0,0,0,0,0,0,0,0
2020-02-21,"IRN",4,"Hamedan",0,0,0,0,0,0,0,0,0,0,0
2020-02-22,"IRN",4,"Hamedan",0,0,1,0,0,0,0,0,0,0,0
2020-02-23,"IRN",4,"Hamedan",0,0,1,0,0,0,0,0,0,0,0
2020-02-24,"IRN",4,"Hamedan",0,0,1,0,0,0,0,1,1,1,1
2020-02-25,"IRN",4,"Hamedan",0,0,1,0,0,0,0,0,1,0,1
2020-02-26,"IRN",4,"Hamedan",0,0,1,0,0,0,0,0,1,0,1
2020-02-27,"IRN",4,"Hamedan",0,0,1,0,0,0,0,1,2,1,2
2020-02-28,"IRN",4,"Hamedan",0,0,1,0,0,0,0,0,2,0,2
2020-02-29,"IRN",4,"Hamedan",0,0,1,0,0,0,0,0,2,0,2
2020-03-01,"IRN",4,"Hamedan",0,1,1,0,0,0,0,3,5,3,5
2020-03-02,"IRN",4,"Hamedan",0,1,1,0,0,0,0,NA,NA,4,9
2020-03-03,"IRN",4,"Hamedan",0,1,1,1,0,0,0,NA,NA,6,15
2020-03-04,"IRN",4,"Hamedan",0,1,1,1,0,0,0,0,5,0,15
2020-03-05,"IRN",4,"Hamedan",1,1,1,1,0,0,0,6,11,6,21
2020-03-06,"IRN",4,"Hamedan",1,1,1,1,0,0,0,7,18,7,28
2020-03-07,"IRN",4,"Hamedan",1,1,1,1,0,0,0,11,29,11,39
2020-03-08,"IRN",4,"Hamedan",1,1,1,1,0,0,0,26,55,26,65
2020-03-09,"IRN",4,"Hamedan",1,1,1,1,0,0,0,0,55,0,65
2020-03-10,"IRN",4,"Hamedan",1,1,1,1,0,0,0,17,72,17,82
2020-03-11,"IRN",4,"Hamedan",1,1,1,1,0,0,0,7,79,7,89
2020-03-12,"IRN",4,"Hamedan",1,1,1,1,0,0,0,12,91,12,101
2020-03-13,"IRN",4,"Hamedan",1,1,1,1,1,1,0,10,101,10,111
2020-03-14,"IRN",4,"Hamedan",1,1,1,1,1,1,0,7,108,7,118
2020-03-15,"IRN",4,"Hamedan",1,1,1,1,1,1,0,11,119,11,129
2020-03-16,"IRN",4,"Hamedan",1,1,1,1,1,1,0,12,131,12,141
2020-03-17,"IRN",4,"Hamedan",1,1,1,1,1,1,0,6,137,6,147
2020-03-18,"IRN",4,"Hamedan",1,1,1,1,1,1,0,13,150,13,160
2020-03-19,"IRN",4,"Hamedan",1,1,1,1,1,1,0,3,153,3,163
2020-03-20,"IRN",4,"Hamedan",1,1,1,1,1,1,0,5,158,5,168
2020-03-21,"IRN",4,"Hamedan",1,1,1,1,1,1,0,5,163,5,173
2020-03-22,"IRN",4,"Hamedan",1,1,1,1,1,1,0,7,170,7,180
2020-02-19,"IRN",4,"Khuzistan",0,0,0,0,0,0,0,0,0,0,0
2020-02-20,"IRN",4,"Khuzistan",0,0,0,0,0,0,0,0,0,0,0
2020-02-21,"IRN",4,"Khuzistan",0,0,0,0,0,0,0,0,0,0,0
2020-02-22,"IRN",4,"Khuzistan",0,0,1,0,0,0,0,0,0,0,0
2020-02-23,"IRN",4,"Khuzistan",0,0,1,0,0,0,0,0,0,0,0
2020-02-24,"IRN",4,"Khuzistan",0,0,1,0,0,0,0,0,0,0,0
2020-02-25,"IRN",4,"Khuzistan",0,0,1,0,0,0,0,0,0,0,0
2020-02-26,"IRN",4,"Khuzistan",0,0,1,0,0,0,0,3,3,3,3
2020-02-27,"IRN",4,"Khuzistan",0,0,1,0,0,0,0,0,3,0,3
2020-02-28,"IRN",4,"Khuzistan",0,0,1,0,0,0,0,3,6,3,6
2020-02-29,"IRN",4,"Khuzistan",0,0,1,0,0,0,0,4,10,4,10
2020-03-01,"IRN",4,"Khuzistan",0,1,1,0,0,0,0,9,19,9,19
2020-03-02,"IRN",4,"Khuzistan",0,1,1,0,0,0,0,NA,NA,12,31
2020-03-03,"IRN",4,"Khuzistan",0,1,1,1,0,0,0,NA,NA,19,50
2020-03-04,"IRN",4,"Khuzistan",0,1,1,1,0,0,0,27,46,27,77
2020-03-05,"IRN",4,"Khuzistan",1,1,1,1,0,0,0,1,47,1,78
2020-03-06,"IRN",4,"Khuzistan",1,1,1,1,0,0,0,0,47,0,78
2020-03-07,"IRN",4,"Khuzistan",1,1,1,1,0,0,0,1,48,1,79
2020-03-08,"IRN",4,"Khuzistan",1,1,1,1,0,0,0,5,53,5,84
2020-03-09,"IRN",4,"Khuzistan",1,1,1,1,0,0,0,4,57,4,88
2020-03-10,"IRN",4,"Khuzistan",1,1,1,1,0,0,0,37,94,37,125
2020-03-11,"IRN",4,"Khuzistan",1,1,1,1,0,0,0,17,111,17,142
2020-03-12,"IRN",4,"Khuzistan",1,1,1,1,0,0,0,31,142,31,173
2020-03-13,"IRN",4,"Khuzistan",1,1,1,1,1,1,0,15,157,15,188
2020-03-14,"IRN",4,"Khuzistan",1,1,1,1,1,1,0,48,205,48,236
2020-03-15,"IRN",4,"Khuzistan",1,1,1,1,1,1,0,32,237,32,268
2020-03-16,"IRN",4,"Khuzistan",1,1,1,1,1,1,0,53,290,53,321
2020-03-17,"IRN",4,"Khuzistan",1,1,1,1,1,1,0,25,315,25,346
2020-03-18,"IRN",4,"Khuzistan",1,1,1,1,1,1,0,28,343,28,374
2020-03-19,"IRN",4,"Khuzistan",1,1,1,1,1,1,0,22,365,22,396
2020-03-20,"IRN",4,"Khuzistan",1,1,1,1,1,1,0,10,375,10,406
2020-03-21,"IRN",4,"Khuzistan",1,1,1,1,1,1,0,31,406,31,437
2020-03-22,"IRN",4,"Khuzistan",1,1,1,1,1,1,0,22,428,22,459
2020-02-19,"IRN",4,"Kermanshah",0,0,0,0,0,0,0,0,0,0,0
2020-02-20,"IRN",4,"Kermanshah",0,0,0,0,0,0,0,0,0,0,0
2020-02-21,"IRN",4,"Kermanshah",0,0,0,0,0,0,0,0,0,0,0
2020-02-22,"IRN",4,"Kermanshah",0,0,1,0,0,0,0,0,0,0,0
2020-02-23,"IRN",4,"Kermanshah",0,0,1,0,0,0,0,0,0,0,0
2020-02-24,"IRN",4,"Kermanshah",0,0,1,0,0,0,0,0,0,0,0
2020-02-25,"IRN",4,"Kermanshah",0,0,1,0,0,0,0,0,0,0,0
2020-02-26,"IRN",4,"Kermanshah",0,0,1,0,0,0,0,1,1,1,1
2020-02-27,"IRN",4,"Kermanshah",0,0,1,0,0,0,0,2,3,2,3
2020-02-28,"IRN",4,"Kermanshah",0,0,1,0,0,0,0,0,3,0,3
2020-02-29,"IRN",4,"Kermanshah",0,0,1,0,0,0,0,0,3,0,3
2020-03-01,"IRN",4,"Kermanshah",0,1,1,0,0,0,0,2,5,2,5
2020-03-02,"IRN",4,"Kermanshah",0,1,1,0,0,0,0,NA,NA,3,8
2020-03-03,"IRN",4,"Kermanshah",0,1,1,1,0,0,0,NA,NA,4,12
2020-03-04,"IRN",4,"Kermanshah",0,1,1,1,0,0,0,15,20,15,27
2020-03-05,"IRN",4,"Kermanshah",1,1,1,1,0,0,0,0,20,0,27
2020-03-06,"IRN",4,"Kermanshah",1,1,1,1,0,0,0,5,25,5,32
2020-03-07,"IRN",4,"Kermanshah",1,1,1,1,0,0,0,4,29,4,36
2020-03-08,"IRN",4,"Kermanshah",1,1,1,1,0,0,0,2,31,2,38
2020-03-09,"IRN",4,"Kermanshah",1,1,1,1,0,0,0,11,42,11,49
2020-03-10,"IRN",4,"Kermanshah",1,1,1,1,0,0,0,7,49,7,56
2020-03-11,"IRN",4,"Kermanshah",1,1,1,1,0,0,0,8,57,8,64
2020-03-12,"IRN",4,"Kermanshah",1,1,1,1,0,0,0,20,77,20,84
2020-03-13,"IRN",4,"Kermanshah",1,1,1,1,1,1,0,15,92,15,99
2020-03-14,"IRN",4,"Kermanshah",1,1,1,1,1,1,0,8,100,8,107
2020-03-15,"IRN",4,"Kermanshah",1,1,1,1,1,1,0,13,113,13,120
2020-03-16,"IRN",4,"Kermanshah",1,1,1,1,1,1,0,16,129,16,136
2020-03-17,"IRN",4,"Kermanshah",1,1,1,1,1,1,0,14,143,14,150
2020-03-18,"IRN",4,"Kermanshah",1,1,1,1,1,1,0,7,150,7,157
2020-03-19,"IRN",4,"Kermanshah",1,1,1,1,1,1,0,23,173,23,180
2020-03-20,"IRN",4,"Kermanshah",1,1,1,1,1,1,0,22,195,22,202
2020-03-21,"IRN",4,"Kermanshah",1,1,1,1,1,1,0,27,222,27,229
2020-03-22,"IRN",4,"Kermanshah",1,1,1,1,1,1,0,19,241,19,248
2020-02-19,"IRN",4,"Lorestan",0,0,0,0,0,0,0,0,0,0,0
2020-02-20,"IRN",4,"Lorestan",0,0,0,0,0,0,0,0,0,0,0
2020-02-21,"IRN",4,"Lorestan",0,0,0,0,0,0,0,0,0,0,0
2020-02-22,"IRN",4,"Lorestan",0,0,1,0,0,0,0,0,0,0,0
2020-02-23,"IRN",4,"Lorestan",0,0,1,0,0,0,0,0,0,0,0
2020-02-24,"IRN",4,"Lorestan",0,0,1,0,0,0,0,0,0,0,0
2020-02-25,"IRN",4,"Lorestan",0,0,1,0,0,0,0,0,0,0,0
2020-02-26,"IRN",4,"Lorestan",0,0,1,0,0,0,0,1,1,1,1
2020-02-27,"IRN",4,"Lorestan",0,0,1,0,0,0,0,3,4,3,4
2020-02-28,"IRN",4,"Lorestan",0,0,1,0,0,0,0,0,4,0,4
2020-02-29,"IRN",4,"Lorestan",0,0,1,0,0,0,0,0,4,0,4
2020-03-01,"IRN",4,"Lorestan",0,1,1,0,0,0,0,8,12,8,12
2020-03-02,"IRN",4,"Lorestan",0,1,1,0,0,0,0,NA,NA,11,23
2020-03-03,"IRN",4,"Lorestan",0,1,1,1,0,0,0,NA,NA,17,40
2020-03-04,"IRN",4,"Lorestan",0,1,1,1,0,0,0,5,17,5,45
2020-03-05,"IRN",4,"Lorestan",1,1,1,1,0,0,0,11,28,11,56
2020-03-06,"IRN",4,"Lorestan",1,1,1,1,0,0,0,50,78,50,106
2020-03-07,"IRN",4,"Lorestan",1,1,1,1,0,0,0,27,105,27,133
2020-03-08,"IRN",4,"Lorestan",1,1,1,1,0,0,0,37,142,37,170
2020-03-09,"IRN",4,"Lorestan",1,1,1,1,0,0,0,7,149,7,177
2020-03-10,"IRN",4,"Lorestan",1,1,1,1,0,0,0,25,174,25,202
2020-03-11,"IRN",4,"Lorestan",1,1,1,1,0,0,0,9,183,9,211
2020-03-12,"IRN",4,"Lorestan",1,1,1,1,0,0,0,25,208,25,236
2020-03-13,"IRN",4,"Lorestan",1,1,1,1,1,1,0,25,233,25,261
2020-03-14,"IRN",4,"Lorestan",1,1,1,1,1,1,0,2,235,2,263
2020-03-15,"IRN",4,"Lorestan",1,1,1,1,1,1,0,52,287,52,315
2020-03-16,"IRN",4,"Lorestan",1,1,1,1,1,1,0,0,287,0,315
2020-03-17,"IRN",4,"Lorestan",1,1,1,1,1,1,0,35,322,35,350
2020-03-18,"IRN",4,"Lorestan",1,1,1,1,1,1,0,39,361,39,389
2020-03-19,"IRN",4,"Lorestan",1,1,1,1,1,1,0,37,398,37,426
2020-03-20,"IRN",4,"Lorestan",1,1,1,1,1,1,0,9,407,9,435
2020-03-21,"IRN",4,"Lorestan",1,1,1,1,1,1,0,34,441,34,469
2020-03-22,"IRN",4,"Lorestan",1,1,1,1,1,1,0,33,474,33,502
2020-02-19,"IRN",4,"Ilam",0,0,0,0,0,0,0,0,0,0,0
2020-02-20,"IRN",4,"Ilam",0,0,0,0,0,0,0,0,0,0,0
2020-02-21,"IRN",4,"Ilam",0,0,0,0,0,0,0,0,0,0,0
2020-02-22,"IRN",4,"Ilam",0,0,1,0,0,0,0,0,0,0,0
2020-02-23,"IRN",4,"Ilam",0,0,1,0,0,0,0,0,0,0,0
2020-02-24,"IRN",4,"Ilam",0,0,1,0,0,0,0,0,0,0,0
2020-02-25,"IRN",4,"Ilam",0,0,1,0,0,0,0,0,0,0,0
2020-02-26,"IRN",4,"Ilam",0,0,1,0,0,0,0,0,0,0,0
2020-02-27,"IRN",4,"Ilam",0,0,1,0,0,0,0,0,0,0,0
2020-02-28,"IRN",4,"Ilam",0,0,1,0,0,0,0,0,0,0,0
2020-02-29,"IRN",4,"Ilam",0,0,1,0,0,0,0,1,1,1,1
2020-03-01,"IRN",4,"Ilam",0,1,1,0,0,0,0,1,2,1,2
2020-03-02,"IRN",4,"Ilam",0,1,1,0,0,0,0,NA,NA,1,3
2020-03-03,"IRN",4,"Ilam",0,1,1,1,0,0,0,NA,NA,2,5
2020-03-04,"IRN",4,"Ilam",0,1,1,1,0,0,0,7,9,7,12
2020-03-05,"IRN",4,"Ilam",1,1,1,1,0,0,0,0,9,0,12
2020-03-06,"IRN",4,"Ilam",1,1,1,1,0,0,0,2,11,2,14
2020-03-07,"IRN",4,"Ilam",1,1,1,1,0,0,0,2,13,2,16
2020-03-08,"IRN",4,"Ilam",1,1,1,1,0,0,0,0,13,0,16
2020-03-09,"IRN",4,"Ilam",1,1,1,1,0,0,0,16,29,16,32
2020-03-10,"IRN",4,"Ilam",1,1,1,1,0,0,0,25,54,25,57
2020-03-11,"IRN",4,"Ilam",1,1,1,1,0,0,0,6,60,6,63
2020-03-12,"IRN",4,"Ilam",1,1,1,1,0,0,0,7,67,7,70
2020-03-13,"IRN",4,"Ilam",1,1,1,1,1,1,0,8,75,8,78
2020-03-14,"IRN",4,"Ilam",1,1,1,1,1,1,0,6,81,6,84
2020-03-15,"IRN",4,"Ilam",1,1,1,1,1,1,0,18,99,18,102
2020-03-16,"IRN",4,"Ilam",1,1,1,1,1,1,0,2,101,2,104
2020-03-17,"IRN",4,"Ilam",1,1,1,1,1,1,0,7,108,7,111
2020-03-18,"IRN",4,"Ilam",1,1,1,1,1,1,0,10,118,10,121
2020-03-19,"IRN",4,"Ilam",1,1,1,1,1,1,0,8,126,8,129
2020-03-20,"IRN",4,"Ilam",1,1,1,1,1,1,0,20,146,20,149
2020-03-21,"IRN",4,"Ilam",1,1,1,1,1,1,0,18,164,18,167
2020-03-22,"IRN",4,"Ilam",1,1,1,1,1,1,0,17,181,17,184
2020-02-19,"IRN",5,"Razavi.Khorasan",0,0,0,0,0,0,0,0,0,0,0
2020-02-20,"IRN",5,"Razavi.Khorasan",0,0,0,0,0,0,0,0,0,0,0
2020-02-21,"IRN",5,"Razavi.Khorasan",0,0,0,0,0,0,0,0,0,0,0
2020-02-22,"IRN",5,"Razavi.Khorasan",0,0,1,0,0,0,0,0,0,0,0
2020-02-23,"IRN",5,"Razavi.Khorasan",0,0,1,0,0,0,0,0,0,0,0
2020-02-24,"IRN",5,"Razavi.Khorasan",0,0,1,0,0,0,0,0,0,0,0
2020-02-25,"IRN",5,"Razavi.Khorasan",0,0,1,0,0,0,0,1,1,1,1
2020-02-26,"IRN",5,"Razavi.Khorasan",0,0,1,0,0,0,0,0,1,0,1
2020-02-27,"IRN",5,"Razavi.Khorasan",0,0,1,0,0,0,0,1,2,1,2
2020-02-28,"IRN",5,"Razavi.Khorasan",0,0,1,0,0,0,0,0,2,0,2
2020-02-29,"IRN",5,"Razavi.Khorasan",0,0,1,0,0,0,0,0,2,0,2
2020-03-01,"IRN",5,"Razavi.Khorasan",0,1,1,0,0,0,0,17,19,17,19
2020-03-02,"IRN",5,"Razavi.Khorasan",0,1,1,0,0,0,0,NA,NA,23,42
2020-03-03,"IRN",5,"Razavi.Khorasan",0,1,1,1,0,0,0,NA,NA,37,79
2020-03-04,"IRN",5,"Razavi.Khorasan",0,1,1,1,0,0,0,8,27,8,87
2020-03-05,"IRN",5,"Razavi.Khorasan",1,1,1,1,0,0,0,53,80,53,140
2020-03-06,"IRN",5,"Razavi.Khorasan",1,1,1,1,0,0,0,0,80,0,140
2020-03-07,"IRN",5,"Razavi.Khorasan",1,1,1,1,0,0,0,46,126,46,186
2020-03-08,"IRN",5,"Razavi.Khorasan",1,1,1,1,0,0,0,19,145,19,205
2020-03-09,"IRN",5,"Razavi.Khorasan",1,1,1,1,0,0,0,29,174,29,234
2020-03-10,"IRN",5,"Razavi.Khorasan",1,1,1,1,0,0,0,39,213,39,273
2020-03-11,"IRN",5,"Razavi.Khorasan",1,1,1,1,0,0,0,34,247,34,307
2020-03-12,"IRN",5,"Razavi.Khorasan",1,1,1,1,0,0,0,29,276,29,336
2020-03-13,"IRN",5,"Razavi.Khorasan",1,1,1,1,1,1,0,110,386,110,446
2020-03-14,"IRN",5,"Razavi.Khorasan",1,1,1,1,1,1,0,30,416,30,476
2020-03-15,"IRN",5,"Razavi.Khorasan",1,1,1,1,1,1,0,143,559,143,619
2020-03-16,"IRN",5,"Razavi.Khorasan",1,1,1,1,1,1,0,0,559,0,619
2020-03-17,"IRN",5,"Razavi.Khorasan",1,1,1,1,1,1,0,63,622,63,682
2020-03-18,"IRN",5,"Razavi.Khorasan",1,1,1,1,1,1,0,30,652,30,712
2020-03-19,"IRN",5,"Razavi.Khorasan",1,1,1,1,1,1,0,50,702,50,762
2020-03-20,"IRN",5,"Razavi.Khorasan",1,1,1,1,1,1,0,48,750,48,810
2020-03-21,"IRN",5,"Razavi.Khorasan",1,1,1,1,1,1,0,57,807,57,867
2020-03-22,"IRN",5,"Razavi.Khorasan",1,1,1,1,1,1,0,42,849,42,909
2020-02-19,"IRN",5,"Sistan.and.Baluchestan",0,0,0,0,0,0,0,0,0,0,0
2020-02-20,"IRN",5,"Sistan.and.Baluchestan",0,0,0,0,0,0,0,0,0,0,0
2020-02-21,"IRN",5,"Sistan.and.Baluchestan",0,0,0,0,0,0,0,0,0,0,0
2020-02-22,"IRN",5,"Sistan.and.Baluchestan",0,0,1,0,0,0,0,0,0,0,0
2020-02-23,"IRN",5,"Sistan.and.Baluchestan",0,0,1,0,0,0,0,0,0,0,0
2020-02-24,"IRN",5,"Sistan.and.Baluchestan",0,0,1,0,0,0,0,0,0,0,0
2020-02-25,"IRN",5,"Sistan.and.Baluchestan",0,0,1,0,0,0,0,0,0,0,0
2020-02-26,"IRN",5,"Sistan.and.Baluchestan",0,0,1,0,0,0,0,2,2,2,2
2020-02-27,"IRN",5,"Sistan.and.Baluchestan",0,0,1,0,0,0,0,0,2,0,2
2020-02-28,"IRN",5,"Sistan.and.Baluchestan",0,0,1,0,0,0,0,0,2,0,2
2020-02-29,"IRN",5,"Sistan.and.Baluchestan",0,0,1,0,0,0,0,1,3,1,3
2020-03-01,"IRN",5,"Sistan.and.Baluchestan",0,1,1,0,0,0,0,2,5,2,5
2020-03-02,"IRN",5,"Sistan.and.Baluchestan",0,1,1,0,0,0,0,NA,NA,3,8
2020-03-03,"IRN",5,"Sistan.and.Baluchestan",0,1,1,1,0,0,0,NA,NA,4,12
2020-03-04,"IRN",5,"Sistan.and.Baluchestan",0,1,1,1,0,0,0,8,13,8,20
2020-03-05,"IRN",5,"Sistan.and.Baluchestan",1,1,1,1,0,0,0,5,18,5,25
2020-03-06,"IRN",5,"Sistan.and.Baluchestan",1,1,1,1,0,0,0,2,20,2,27
2020-03-07,"IRN",5,"Sistan.and.Baluchestan",1,1,1,1,0,0,0,13,33,13,40
2020-03-08,"IRN",5,"Sistan.and.Baluchestan",1,1,1,1,0,0,0,0,33,0,40
2020-03-09,"IRN",5,"Sistan.and.Baluchestan",1,1,1,1,0,0,0,0,33,0,40
2020-03-10,"IRN",5,"Sistan.and.Baluchestan",1,1,1,1,0,0,0,6,39,6,46
2020-03-11,"IRN",5,"Sistan.and.Baluchestan",1,1,1,1,0,0,0,4,43,4,50
2020-03-12,"IRN",5,"Sistan.and.Baluchestan",1,1,1,1,0,0,0,6,49,6,56
2020-03-13,"IRN",5,"Sistan.and.Baluchestan",1,1,1,1,1,1,0,2,51,2,58
2020-03-14,"IRN",5,"Sistan.and.Baluchestan",1,1,1,1,1,1,0,2,53,2,60
2020-03-15,"IRN",5,"Sistan.and.Baluchestan",1,1,1,1,1,1,0,6,59,6,66
2020-03-16,"IRN",5,"Sistan.and.Baluchestan",1,1,1,1,1,1,0,11,70,11,77
2020-03-17,"IRN",5,"Sistan.and.Baluchestan",1,1,1,1,1,1,0,11,81,11,88
2020-03-18,"IRN",5,"Sistan.and.Baluchestan",1,1,1,1,1,1,0,6,87,6,94
2020-03-19,"IRN",5,"Sistan.and.Baluchestan",1,1,1,1,1,1,0,18,105,18,112
2020-03-20,"IRN",5,"Sistan.and.Baluchestan",1,1,1,1,1,1,0,8,113,8,120
2020-03-21,"IRN",5,"Sistan.and.Baluchestan",1,1,1,1,1,1,0,5,118,5,125
2020-03-22,"IRN",5,"Sistan.and.Baluchestan",1,1,1,1,1,1,0,15,133,15,140
2020-02-19,"IRN",5,"Yazd",0,0,0,0,0,0,0,0,0,0,0
2020-02-20,"IRN",5,"Yazd",0,0,0,0,0,0,0,0,0,0,0
2020-02-21,"IRN",5,"Yazd",0,0,0,0,0,0,0,0,0,0,0
2020-02-22,"IRN",5,"Yazd",0,0,1,0,0,0,0,0,0,0,0
2020-02-23,"IRN",5,"Yazd",0,0,1,0,0,0,0,0,0,0,0
2020-02-24,"IRN",5,"Yazd",0,0,1,0,0,0,0,0,0,0,0
2020-02-25,"IRN",5,"Yazd",0,0,1,0,0,0,0,0,0,0,0
2020-02-26,"IRN",5,"Yazd",0,0,1,0,0,0,0,0,0,0,0
2020-02-27,"IRN",5,"Yazd",0,0,1,0,0,0,0,1,1,1,1
2020-02-28,"IRN",5,"Yazd",0,0,1,0,0,0,0,0,1,0,1
2020-02-29,"IRN",5,"Yazd",0,0,1,0,0,0,0,4,5,4,5
2020-03-01,"IRN",5,"Yazd",0,1,1,0,0,0,0,0,5,0,5
2020-03-02,"IRN",5,"Yazd",0,1,1,0,0,0,0,NA,NA,0,5
2020-03-03,"IRN",5,"Yazd",0,1,1,1,0,0,0,NA,NA,0,5
2020-03-04,"IRN",5,"Yazd",0,1,1,1,0,0,0,0,5,0,5
2020-03-05,"IRN",5,"Yazd",1,1,1,1,0,0,0,0,5,0,5
2020-03-06,"IRN",5,"Yazd",1,1,1,1,0,0,0,50,55,50,55
2020-03-07,"IRN",5,"Yazd",1,1,1,1,0,0,0,24,79,24,79
2020-03-08,"IRN",5,"Yazd",1,1,1,1,0,0,0,6,85,6,85
2020-03-09,"IRN",5,"Yazd",1,1,1,1,0,0,0,3,88,3,88
2020-03-10,"IRN",5,"Yazd",1,1,1,1,0,0,0,37,125,37,125
2020-03-11,"IRN",5,"Yazd",1,1,1,1,0,0,0,23,148,23,148
2020-03-12,"IRN",5,"Yazd",1,1,1,1,0,0,0,21,169,21,169
2020-03-13,"IRN",5,"Yazd",1,1,1,1,1,1,0,46,215,46,215
2020-03-14,"IRN",5,"Yazd",1,1,1,1,1,1,0,73,288,73,288
2020-03-15,"IRN",5,"Yazd",1,1,1,1,1,1,0,36,324,36,324
2020-03-16,"IRN",5,"Yazd",1,1,1,1,1,1,0,51,375,51,375
2020-03-17,"IRN",5,"Yazd",1,1,1,1,1,1,0,49,424,49,424
2020-03-18,"IRN",5,"Yazd",1,1,1,1,1,1,0,45,469,45,469
2020-03-19,"IRN",5,"Yazd",1,1,1,1,1,1,0,69,538,69,538
2020-03-20,"IRN",5,"Yazd",1,1,1,1,1,1,0,49,587,49,587
2020-03-21,"IRN",5,"Yazd",1,1,1,1,1,1,0,52,639,52,639
2020-03-22,"IRN",5,"Yazd",1,1,1,1,1,1,0,84,723,84,723
2020-02-19,"IRN",5,"South.Khorasan",0,0,0,0,0,0,0,0,0,0,0
2020-02-20,"IRN",5,"South.Khorasan",0,0,0,0,0,0,0,0,0,0,0
2020-02-21,"IRN",5,"South.Khorasan",0,0,0,0,0,0,0,0,0,0,0
2020-02-22,"IRN",5,"South.Khorasan",0,0,1,0,0,0,0,0,0,0,0
2020-02-23,"IRN",5,"South.Khorasan",0,0,1,0,0,0,0,0,0,0,0
2020-02-24,"IRN",5,"South.Khorasan",0,0,1,0,0,0,0,0,0,0,0
2020-02-25,"IRN",5,"South.Khorasan",0,0,1,0,0,0,0,0,0,0,0
2020-02-26,"IRN",5,"South.Khorasan",0,0,1,0,0,0,0,0,0,0,0
2020-02-27,"IRN",5,"South.Khorasan",0,0,1,0,0,0,0,0,0,0,0
2020-02-28,"IRN",5,"South.Khorasan",0,0,1,0,0,0,0,0,0,0,0
2020-02-29,"IRN",5,"South.Khorasan",0,0,1,0,0,0,0,1,1,1,1
2020-03-01,"IRN",5,"South.Khorasan",0,1,1,0,0,0,0,2,3,2,3
2020-03-02,"IRN",5,"South.Khorasan",0,1,1,0,0,0,0,NA,NA,3,6
2020-03-03,"IRN",5,"South.Khorasan",0,1,1,1,0,0,0,NA,NA,4,10
2020-03-04,"IRN",5,"South.Khorasan",0,1,1,1,0,0,0,0,3,0,10
2020-03-05,"IRN",5,"South.Khorasan",1,1,1,1,0,0,0,9,12,9,19
2020-03-06,"IRN",5,"South.Khorasan",1,1,1,1,0,0,0,3,15,3,22
2020-03-07,"IRN",5,"South.Khorasan",1,1,1,1,0,0,0,0,15,0,22
2020-03-08,"IRN",5,"South.Khorasan",1,1,1,1,0,0,0,26,41,26,48
2020-03-09,"IRN",5,"South.Khorasan",1,1,1,1,0,0,0,-7,34,-7,41
2020-03-10,"IRN",5,"South.Khorasan",1,1,1,1,0,0,0,14,48,14,55
2020-03-11,"IRN",5,"South.Khorasan",1,1,1,1,0,0,0,15,63,15,70
2020-03-12,"IRN",5,"South.Khorasan",1,1,1,1,0,0,0,12,75,12,82
2020-03-13,"IRN",5,"South.Khorasan",1,1,1,1,1,1,0,0,75,0,82
2020-03-14,"IRN",5,"South.Khorasan",1,1,1,1,1,1,0,4,79,4,86
2020-03-15,"IRN",5,"South.Khorasan",1,1,1,1,1,1,0,18,97,18,104
2020-03-16,"IRN",5,"South.Khorasan",1,1,1,1,1,1,0,7,104,7,111
2020-03-17,"IRN",5,"South.Khorasan",1,1,1,1,1,1,0,12,116,12,123
2020-03-18,"IRN",5,"South.Khorasan",1,1,1,1,1,1,0,21,137,21,144
2020-03-19,"IRN",5,"South.Khorasan",1,1,1,1,1,1,0,5,142,5,149
2020-03-20,"IRN",5,"South.Khorasan",1,1,1,1,1,1,0,18,160,18,167
2020-03-21,"IRN",5,"South.Khorasan",1,1,1,1,1,1,0,0,160,0,167
2020-03-22,"IRN",5,"South.Khorasan",1,1,1,1,1,1,0,15,175,15,182
2020-02-19,"IRN",5,"Kerman",0,0,0,0,0,0,0,0,0,0,0
2020-02-20,"IRN",5,"Kerman",0,0,0,0,0,0,0,0,0,0,0
2020-02-21,"IRN",5,"Kerman",0,0,0,0,0,0,0,0,0,0,0
2020-02-22,"IRN",5,"Kerman",0,0,1,0,0,0,0,0,0,0,0
2020-02-23,"IRN",5,"Kerman",0,0,1,0,0,0,0,0,0,0,0
2020-02-24,"IRN",5,"Kerman",0,0,1,0,0,0,0,0,0,0,0
2020-02-25,"IRN",5,"Kerman",0,0,1,0,0,0,0,0,0,0,0
2020-02-26,"IRN",5,"Kerman",0,0,1,0,0,0,0,0,0,0,0
2020-02-27,"IRN",5,"Kerman",0,0,1,0,0,0,0,0,0,0,0
2020-02-28,"IRN",5,"Kerman",0,0,1,0,0,0,0,0,0,0,0
2020-02-29,"IRN",5,"Kerman",0,0,1,0,0,0,0,0,0,0,0
2020-03-01,"IRN",5,"Kerman",0,1,1,0,0,0,0,2,2,2,2
2020-03-02,"IRN",5,"Kerman",0,1,1,0,0,0,0,NA,NA,3,5
2020-03-03,"IRN",5,"Kerman",0,1,1,1,0,0,0,NA,NA,4,9
2020-03-04,"IRN",5,"Kerman",0,1,1,1,0,0,0,14,16,14,23
2020-03-05,"IRN",5,"Kerman",1,1,1,1,0,0,0,0,16,0,23
2020-03-06,"IRN",5,"Kerman",1,1,1,1,0,0,0,7,23,7,30
2020-03-07,"IRN",5,"Kerman",1,1,1,1,0,0,0,15,38,15,45
2020-03-08,"IRN",5,"Kerman",1,1,1,1,0,0,0,1,39,1,46
2020-03-09,"IRN",5,"Kerman",1,1,1,1,0,0,0,-5,34,-5,41
2020-03-10,"IRN",5,"Kerman",1,1,1,1,0,0,0,4,38,4,45
2020-03-11,"IRN",5,"Kerman",1,1,1,1,0,0,0,18,56,18,63
2020-03-12,"IRN",5,"Kerman",1,1,1,1,0,0,0,7,63,7,70
2020-03-13,"IRN",5,"Kerman",1,1,1,1,1,1,0,12,75,12,82
2020-03-14,"IRN",5,"Kerman",1,1,1,1,1,1,0,0,75,0,82
2020-03-15,"IRN",5,"Kerman",1,1,1,1,1,1,0,7,82,7,89
2020-03-16,"IRN",5,"Kerman",1,1,1,1,1,1,0,13,95,13,102
2020-03-17,"IRN",5,"Kerman",1,1,1,1,1,1,0,19,114,19,121
2020-03-18,"IRN",5,"Kerman",1,1,1,1,1,1,0,11,125,11,132
2020-03-19,"IRN",5,"Kerman",1,1,1,1,1,1,0,14,139,14,146
2020-03-20,"IRN",5,"Kerman",1,1,1,1,1,1,0,12,151,12,158
2020-03-21,"IRN",5,"Kerman",1,1,1,1,1,1,0,8,159,8,166
2020-03-22,"IRN",5,"Kerman",1,1,1,1,1,1,0,8,167,8,174
2020-02-19,"IRN",5,"North.Khorasan",0,0,0,0,0,0,0,0,0,0,0
2020-02-20,"IRN",5,"North.Khorasan",0,0,0,0,0,0,0,0,0,0,0
2020-02-21,"IRN",5,"North.Khorasan",0,0,0,0,0,0,0,0,0,0,0
2020-02-22,"IRN",5,"North.Khorasan",0,0,1,0,0,0,0,0,0,0,0
2020-02-23,"IRN",5,"North.Khorasan",0,0,1,0,0,0,0,0,0,0,0
2020-02-24,"IRN",5,"North.Khorasan",0,0,1,0,0,0,0,0,0,0,0
2020-02-25,"IRN",5,"North.Khorasan",0,0,1,0,0,0,0,0,0,0,0
2020-02-26,"IRN",5,"North.Khorasan",0,0,1,0,0,0,0,0,0,0,0
2020-02-27,"IRN",5,"North.Khorasan",0,0,1,0,0,0,0,0,0,0,0
2020-02-28,"IRN",5,"North.Khorasan",0,0,1,0,0,0,0,0,0,0,0
2020-02-29,"IRN",5,"North.Khorasan",0,0,1,0,0,0,0,0,0,0,0
2020-03-01,"IRN",5,"North.Khorasan",0,1,1,0,0,0,0,0,0,0,0
2020-03-02,"IRN",5,"North.Khorasan",0,1,1,0,0,0,0,NA,NA,0,0
2020-03-03,"IRN",5,"North.Khorasan",0,1,1,1,0,0,0,NA,NA,0,0
2020-03-04,"IRN",5,"North.Khorasan",0,1,1,1,0,0,0,1,1,1,1
2020-03-05,"IRN",5,"North.Khorasan",1,1,1,1,0,0,0,2,3,2,3
2020-03-06,"IRN",5,"North.Khorasan",1,1,1,1,0,0,0,12,15,12,15
2020-03-07,"IRN",5,"North.Khorasan",1,1,1,1,0,0,0,8,23,8,23
2020-03-08,"IRN",5,"North.Khorasan",1,1,1,1,0,0,0,1,24,1,24
2020-03-09,"IRN",5,"North.Khorasan",1,1,1,1,0,0,0,10,34,10,34
2020-03-10,"IRN",5,"North.Khorasan",1,1,1,1,0,0,0,0,34,0,34
2020-03-11,"IRN",5,"North.Khorasan",1,1,1,1,0,0,0,11,45,11,45
2020-03-12,"IRN",5,"North.Khorasan",1,1,1,1,0,0,0,0,45,0,45
2020-03-13,"IRN",5,"North.Khorasan",1,1,1,1,1,1,0,0,45,0,45
2020-03-14,"IRN",5,"North.Khorasan",1,1,1,1,1,1,0,1,46,1,46
2020-03-15,"IRN",5,"North.Khorasan",1,1,1,1,1,1,0,6,52,6,52
2020-03-16,"IRN",5,"North.Khorasan",1,1,1,1,1,1,0,45,97,45,97
2020-03-17,"IRN",5,"North.Khorasan",1,1,1,1,1,1,0,3,100,3,100
2020-03-18,"IRN",5,"North.Khorasan",1,1,1,1,1,1,0,0,100,0,100
2020-03-19,"IRN",5,"North.Khorasan",1,1,1,1,1,1,0,21,121,21,121
2020-03-20,"IRN",5,"North.Khorasan",1,1,1,1,1,1,0,17,138,17,138
2020-03-21,"IRN",5,"North.Khorasan",1,1,1,1,1,1,0,1,139,1,139
2020-03-22,"IRN",5,"North.Khorasan",1,1,1,1,1,1,0,26,165,26,165
